datetime,symbol,open,high,low,close,volume
2009-03-12 05:30:00,NYSE:MUR,35.313702,37.931455,35.05539,37.836734,3223211.0
2009-03-13 05:30:00,NYSE:MUR,37.974519,39.877541,37.535349,39.662266,4351534.0
2009-03-16 05:30:00,NYSE:MUR,39.877541,41.771952,39.093931,40.420034,3225956.0
2009-03-17 05:30:00,NYSE:MUR,40.4717,40.850584,39.205883,40.850584,3834407.0
2009-03-18 05:30:00,NYSE:MUR,40.006715,41.108923,38.783935,40.850584,3421422.0
2009-03-19 05:30:00,NYSE:MUR,42.262788,44.234707,42.254186,43.339163,3725414.0
2009-03-20 05:30:00,NYSE:MUR,43.563049,43.769713,41.16058,41.203644,2904056.0
2009-03-23 05:30:00,NYSE:MUR,42.271399,44.622211,42.142234,44.59636,2391990.0
2009-03-24 05:30:00,NYSE:MUR,43.950535,43.950535,42.764387,43.416662,2260894.0
2009-03-25 05:30:00,NYSE:MUR,43.425264,43.425264,41.556677,42.753606,1799101.0
2009-03-26 05:30:00,NYSE:MUR,42.245566,43.545836,42.245566,43.425264,2067256.0
2009-03-27 05:30:00,NYSE:MUR,42.572784,42.572784,40.790307,40.979749,2110783.0
2009-03-30 05:30:00,NYSE:MUR,39.955031,40.29086,38.585891,39.197272,2233415.0
2009-03-31 05:30:00,NYSE:MUR,39.972262,39.972262,38.413671,38.551447,2509897.0
2009-04-01 05:30:00,NYSE:MUR,37.363129,39.627133,37.268408,39.378103,2193433.0
2009-04-02 05:30:00,NYSE:MUR,40.764474,42.581395,40.764474,41.728915,2368327.0
2009-04-03 05:30:00,NYSE:MUR,41.263912,42.693338,40.970966,42.090568,2099190.0
2009-04-06 05:30:00,NYSE:MUR,41.470576,41.470576,40.144482,41.169191,1909955.0
2009-04-07 05:30:00,NYSE:MUR,40.29086,40.333924,39.317826,39.369492,1528232.0
2009-04-08 05:30:00,NYSE:MUR,39.593378,40.4717,38.542827,40.265027,1555122.0
2009-04-09 05:30:00,NYSE:MUR,41.556677,42.107781,40.73003,41.358633,1658806.0
2009-04-13 05:30:00,NYSE:MUR,40.566421,41.367235,39.86031,40.936685,1961235.0
2009-04-14 05:30:00,NYSE:MUR,40.4717,41.660018,40.4717,40.781696,1506765.0
2009-04-15 05:30:00,NYSE:MUR,40.661142,41.246681,39.6106,40.463098,1771882.0
2009-04-16 05:30:00,NYSE:MUR,41.169191,41.212246,40.359757,40.798918,1539024.0
2009-04-17 05:30:00,NYSE:MUR,41.177811,41.728915,40.342544,40.72141,1959113.0
2009-04-20 05:30:00,NYSE:MUR,39.817273,39.886161,37.759244,37.828114,2086408.0
2009-04-21 05:30:00,NYSE:MUR,37.492285,39.085329,37.419101,38.92172,1676974.0
2009-04-22 05:30:00,NYSE:MUR,38.551447,39.326437,38.086453,38.49117,1449658.0
2009-04-23 05:30:00,NYSE:MUR,38.7495,39.464213,38.387838,39.317826,1801809.0
2009-04-24 05:30:00,NYSE:MUR,39.645035,40.747261,39.645035,40.514755,1857193.0
2009-04-27 05:30:00,NYSE:MUR,39.696719,40.575032,39.317826,39.929207,1578227.0
2009-04-28 05:30:00,NYSE:MUR,39.36089,40.118649,39.00783,39.627822,1053267.0
2009-04-29 05:30:00,NYSE:MUR,39.998095,41.393086,39.963651,41.16058,1762813.0
2009-04-30 05:30:00,NYSE:MUR,41.281134,42.254186,40.402812,41.08309,2068558.0
2009-05-01 05:30:00,NYSE:MUR,41.263912,42.839725,41.022804,42.590015,1647280.0
2009-05-04 05:30:00,NYSE:MUR,42.960279,45.801909,42.607228,45.767456,2631516.0
2009-05-05 05:30:00,NYSE:MUR,45.216352,45.767456,43.580271,44.544703,1788555.0
2009-05-06 05:30:00,NYSE:MUR,45.46608,47.730764,44.846088,47.661894,2948974.0
2009-05-07 05:30:00,NYSE:MUR,47.119392,48.548818,45.733021,46.120516,3561530.0
2009-05-08 05:30:00,NYSE:MUR,45.956907,48.781306,45.956907,48.264655,2561232.0
2009-05-11 05:30:00,NYSE:MUR,47.291612,47.489656,46.563983,47.153827,2488353.0
2009-05-12 05:30:00,NYSE:MUR,48.057991,48.350756,47.369102,47.928826,3065851.0
2009-05-13 05:30:00,NYSE:MUR,47.119392,47.627441,45.948296,46.275523,2660128.0
2009-05-14 05:30:00,NYSE:MUR,46.24107,47.024671,45.46608,46.663009,2658363.0
2009-05-15 05:30:00,NYSE:MUR,46.24107,46.731897,44.716914,45.061363,2401179.0
2009-05-18 05:30:00,NYSE:MUR,45.844973,48.006325,45.844973,47.997723,2569933.0
2009-05-19 05:30:00,NYSE:MUR,48.212998,48.893258,47.773828,48.342154,2762245.0
2009-05-20 05:30:00,NYSE:MUR,49.349641,50.934056,49.039645,49.237689,3000510.0
2009-05-21 05:30:00,NYSE:MUR,48.350756,48.39382,46.551066,47.481054,2114864.0
2009-05-22 05:30:00,NYSE:MUR,48.092444,48.092444,47.300214,47.506887,1417882.0
2009-05-26 05:30:00,NYSE:MUR,46.964385,48.832895,46.309958,48.807139,2504763.0
2009-05-27 05:30:00,NYSE:MUR,49.306577,49.754358,48.299099,48.376589,1931273.0
2009-05-28 05:30:00,NYSE:MUR,48.91048,49.633804,47.911604,49.33241,3254477.0
2009-05-29 05:30:00,NYSE:MUR,50.417405,51.020175,49.737127,50.813502,2397780.0
2009-06-01 05:30:00,NYSE:MUR,51.92433,52.570155,51.23545,51.605714,2390621.0
2009-06-02 05:30:00,NYSE:MUR,51.218228,51.536844,50.443238,50.770465,2217014.0
2009-06-03 05:30:00,NYSE:MUR,49.952402,49.952402,47.911604,48.617715,2462529.0
2009-06-04 05:30:00,NYSE:MUR,49.68547,50.787678,49.142986,50.460469,1810635.0
2009-06-05 05:30:00,NYSE:MUR,51.089063,51.528224,49.68547,50.8049,2598132.0
2009-06-08 05:30:00,NYSE:MUR,50.19351,50.710179,49.323808,50.408785,2023926.0
2009-06-09 05:30:00,NYSE:MUR,51.390439,51.743499,50.314064,51.011573,2039686.0
2009-06-10 05:30:00,NYSE:MUR,51.855442,52.484045,50.391572,51.287116,1650267.0
2009-06-11 05:30:00,NYSE:MUR,51.666,53.233211,51.373226,52.087948,2337413.0
2009-06-12 05:30:00,NYSE:MUR,51.442123,51.92433,50.615458,51.83822,1532248.0
2009-06-15 05:30:00,NYSE:MUR,50.908232,51.011573,49.134366,49.831857,2982736.0
2009-06-16 05:30:00,NYSE:MUR,50.606847,50.753234,48.626317,48.815759,1870920.0
2009-06-17 05:30:00,NYSE:MUR,48.617715,48.669372,47.162447,47.722162,2189703.0
2009-06-18 05:30:00,NYSE:MUR,47.722162,48.359376,47.059106,47.317445,2380975.0
2009-06-19 05:30:00,NYSE:MUR,47.954659,48.04938,47.059106,47.317445,2396532.0
2009-06-22 05:30:00,NYSE:MUR,46.439114,46.473567,43.339163,43.65777,3095983.0
2009-06-23 05:30:00,NYSE:MUR,44.303595,44.828866,43.451115,44.355252,2191466.0
2009-06-24 05:30:00,NYSE:MUR,44.682479,46.060248,44.441371,45.491913,3818778.0
2009-06-25 05:30:00,NYSE:MUR,45.853575,46.895515,45.38859,46.818007,2856044.0
2009-06-26 05:30:00,NYSE:MUR,46.67162,47.153827,46.154969,46.370244,5943446.0
2009-06-29 05:30:00,NYSE:MUR,47.136623,47.756615,46.714675,47.119392,2030855.0
2009-06-30 05:30:00,NYSE:MUR,46.637176,47.691507,45.991351,46.774961,2959693.0
2009-07-01 05:30:00,NYSE:MUR,47.326065,48.006325,46.912728,47.050504,2363186.0
2009-07-02 05:30:00,NYSE:MUR,46.198006,46.206626,44.51887,44.51887,2159516.0
2009-07-06 05:30:00,NYSE:MUR,43.571669,44.045256,42.521118,44.002219,3429190.0
2009-07-07 05:30:00,NYSE:MUR,44.389705,44.449982,43.132499,43.804157,3893206.0
2009-07-08 05:30:00,NYSE:MUR,44.019432,44.320817,42.633052,43.382218,3131089.0
2009-07-09 05:30:00,NYSE:MUR,43.950535,45.113029,43.674992,44.579147,2921459.0
2009-07-10 05:30:00,NYSE:MUR,43.752491,44.09694,42.80529,43.924702,2418779.0
2009-07-13 05:30:00,NYSE:MUR,43.804157,44.60498,43.037778,44.544703,2140504.0
2009-07-14 05:30:00,NYSE:MUR,45.156084,45.595245,44.449982,45.113029,1923046.0
2009-07-15 05:30:00,NYSE:MUR,45.836353,47.084939,45.836353,46.792174,2891359.0
2009-07-16 05:30:00,NYSE:MUR,46.370244,47.79105,46.008564,47.463832,2612561.0
2009-07-17 05:30:00,NYSE:MUR,47.97189,48.367987,47.119392,47.842716,2834516.0
2009-07-20 05:30:00,NYSE:MUR,48.118268,49.065478,47.96327,49.005201,2235079.0
2009-07-21 05:30:00,NYSE:MUR,49.51325,50.055743,48.772704,49.625193,2466679.0
2009-07-22 05:30:00,NYSE:MUR,48.876027,49.642406,48.505763,48.738269,2444644.0
2009-07-23 05:30:00,NYSE:MUR,48.65215,50.658513,48.65215,50.477682,2190704.0
2009-07-24 05:30:00,NYSE:MUR,49.607971,50.8049,49.607971,50.460469,1731930.0
2009-07-27 05:30:00,NYSE:MUR,50.675744,51.020175,50.056354,50.63268,1309816.0
2009-07-28 05:30:00,NYSE:MUR,50.047132,50.598227,49.022414,50.176297,1829313.0
2009-07-29 05:30:00,NYSE:MUR,49.392696,49.496028,48.376589,48.919091,1482954.0
2009-07-30 05:30:00,NYSE:MUR,49.427131,50.520737,49.427131,50.029919,1931431.0
2009-07-31 05:30:00,NYSE:MUR,49.780191,50.331295,48.987979,50.11602,2360392.0
2009-08-03 05:30:00,NYSE:MUR,51.226848,51.752119,50.649911,51.41629,2475944.0
2009-08-04 05:30:00,NYSE:MUR,50.865186,51.166562,50.477682,50.8049,1589363.0
2009-08-05 05:30:00,NYSE:MUR,50.8049,51.889877,50.271018,51.390439,2408227.0
2009-08-06 05:30:00,NYSE:MUR,50.994342,51.312949,48.65215,49.616582,3018287.0
2009-08-07 05:30:00,NYSE:MUR,50.408785,50.529339,49.340169,49.521852,1550483.0
2009-08-10 05:30:00,NYSE:MUR,49.229087,50.520737,49.229087,50.417405,1914021.0
2009-08-11 05:30:00,NYSE:MUR,50.159075,50.184908,49.229087,49.358261,1698446.0
2009-08-12 05:30:00,NYSE:MUR,49.194643,50.245194,49.168819,49.77158,1680845.0
2009-08-13 05:30:00,NYSE:MUR,50.081576,51.05461,49.745747,50.615458,2062179.0
2009-08-14 05:30:00,NYSE:MUR,50.649911,50.856566,49.633804,50.081576,1380416.0
2009-08-17 05:30:00,NYSE:MUR,49.005201,49.125755,47.885771,48.101046,1273673.0
2009-08-18 05:30:00,NYSE:MUR,47.954659,48.686585,47.954659,48.497161,1634664.0
2009-08-19 05:30:00,NYSE:MUR,47.928826,50.615458,47.61021,49.986855,2102201.0
2009-08-20 05:30:00,NYSE:MUR,50.150473,50.408785,49.478815,49.892134,1399570.0
2009-08-21 05:30:00,NYSE:MUR,50.477682,51.166562,50.339915,51.06323,1352789.0
2009-08-24 05:30:00,NYSE:MUR,51.545446,52.768208,51.40767,52.234326,2025850.0
2009-08-25 05:30:00,NYSE:MUR,52.570155,52.837096,50.770465,50.899621,1636485.0
2009-08-26 05:30:00,NYSE:MUR,50.426016,50.813502,49.599369,50.408785,2026847.0
2009-08-27 05:30:00,NYSE:MUR,50.012688,50.645597,49.0827,50.537959,1572779.0
2009-08-28 05:30:00,NYSE:MUR,50.865186,51.054197,50.20213,50.486293,1264918.0
2009-08-31 05:30:00,NYSE:MUR,49.582138,49.892134,48.772704,49.0827,1435547.0
2009-09-01 05:30:00,NYSE:MUR,48.91048,49.651026,48.075213,48.144101,1800966.0
2009-09-02 05:30:00,NYSE:MUR,47.97189,48.841592,47.851336,48.47993,1673942.0
2009-09-03 05:30:00,NYSE:MUR,49.289373,49.289373,47.877169,48.333543,1817263.0
2009-09-04 05:30:00,NYSE:MUR,48.350756,49.168819,48.178545,49.099922,895123.0
2009-09-08 05:30:00,NYSE:MUR,49.926578,50.658513,49.926578,50.288231,2168873.0
2009-09-09 05:30:00,NYSE:MUR,50.477682,50.744614,49.917967,50.512126,1454291.0
2009-09-10 05:30:00,NYSE:MUR,50.159075,51.795156,50.159075,51.777943,1693697.0
2009-09-11 05:30:00,NYSE:MUR,51.92433,52.389324,51.080461,51.562668,1282543.0
2009-09-14 05:30:00,NYSE:MUR,50.882399,52.458212,50.796298,52.311825,1964065.0
2009-09-15 05:30:00,NYSE:MUR,52.5271,53.147092,52.070717,52.664876,2177459.0
2009-09-16 05:30:00,NYSE:MUR,53.396802,53.396802,52.733773,53.20736,1738267.0
2009-09-17 05:30:00,NYSE:MUR,52.905984,53.362367,52.148216,52.501267,1529099.0
2009-09-18 05:30:00,NYSE:MUR,52.931817,52.931817,51.83822,52.036264,1629228.0
2009-09-21 05:30:00,NYSE:MUR,51.149331,51.83822,50.692957,51.597112,1076187.0
2009-09-22 05:30:00,NYSE:MUR,52.466814,53.491532,52.122383,52.923215,1809011.0
2009-09-23 05:30:00,NYSE:MUR,53.069593,53.095426,51.511011,51.545446,1956862.0
2009-09-24 05:30:00,NYSE:MUR,51.175164,51.812387,49.676859,49.969633,1822488.0
2009-09-25 05:30:00,NYSE:MUR,49.917967,50.460469,49.246309,49.616582,2105697.0
2009-09-28 05:30:00,NYSE:MUR,49.607971,50.503506,49.358261,50.288231,1572142.0
2009-09-29 05:30:00,NYSE:MUR,50.331295,50.477682,49.315197,50.029919,2300689.0
2009-09-30 05:30:00,NYSE:MUR,50.296851,50.434636,48.987979,49.573536,2269313.0
2009-10-01 05:30:00,NYSE:MUR,49.427131,49.737127,48.032158,48.135481,2187342.0
2009-10-02 05:30:00,NYSE:MUR,47.343278,48.178545,46.973005,47.851336,1718097.0
2009-10-05 05:30:00,NYSE:MUR,48.505763,49.702692,47.911604,49.564916,2395393.0
2009-10-06 05:30:00,NYSE:MUR,50.047132,51.166562,49.668239,50.796298,2327737.0
2009-10-07 05:30:00,NYSE:MUR,50.486293,51.149331,50.012688,51.132118,2080270.0
2009-10-08 05:30:00,NYSE:MUR,51.476558,52.837096,51.312949,52.69932,2136051.0
2009-10-09 05:30:00,NYSE:MUR,52.337658,52.95765,52.294603,52.888762,1552244.0
2009-10-12 05:30:00,NYSE:MUR,53.379598,54.059858,53.116954,53.414033,1227587.0
2009-10-13 05:30:00,NYSE:MUR,53.3882,53.457088,52.234326,53.181527,1670710.0
2009-10-14 05:30:00,NYSE:MUR,54.008192,54.266522,53.474319,54.206245,1941686.0
2009-10-15 05:30:00,NYSE:MUR,54.051247,55.678726,53.629308,55.678726,1925242.0
2009-10-16 05:30:00,NYSE:MUR,55.007068,55.342897,54.361243,54.998457,1673085.0
2009-10-19 05:30:00,NYSE:MUR,54.895125,55.566783,54.387076,55.420396,1327754.0
2009-10-20 05:30:00,NYSE:MUR,55.71317,55.71317,53.99097,54.92956,1550426.0
2009-10-21 05:30:00,NYSE:MUR,54.628184,55.9715,54.42152,54.834839,1367254.0
2009-10-22 05:30:00,NYSE:MUR,54.912347,55.153455,54.016803,55.067345,1230909.0
2009-10-23 05:30:00,NYSE:MUR,55.230954,55.454831,53.947906,54.335419,1615445.0
2009-10-26 05:30:00,NYSE:MUR,54.533463,56.074832,53.336534,53.586253,1787956.0
2009-10-27 05:30:00,NYSE:MUR,53.922082,55.325675,53.551809,54.714285,2102120.0
2009-10-28 05:30:00,NYSE:MUR,54.292355,54.292355,52.320427,52.475434,2061208.0
2009-10-29 05:30:00,NYSE:MUR,52.974872,54.671248,52.974872,54.671248,1788659.0
2009-10-30 05:30:00,NYSE:MUR,54.481797,54.610962,52.234326,52.647654,2147550.0
2009-11-02 05:30:00,NYSE:MUR,52.949048,54.361243,52.733773,53.63791,2373137.0
2009-11-03 05:30:00,NYSE:MUR,52.854318,54.92956,52.105152,54.447353,2100674.0
2009-11-04 05:30:00,NYSE:MUR,54.964013,55.549552,54.266522,54.481797,1827148.0
2009-11-05 05:30:00,NYSE:MUR,54.473177,54.473177,50.899621,52.363491,4508863.0
2009-11-06 05:30:00,NYSE:MUR,51.803776,52.733773,51.390439,52.010431,2562471.0
2009-11-09 05:30:00,NYSE:MUR,52.673487,54.085691,52.673487,54.085691,2119032.0
2009-11-10 05:30:00,NYSE:MUR,53.517356,53.612077,52.311825,53.155703,2266320.0
2009-11-11 05:30:00,NYSE:MUR,53.715418,54.145968,52.716542,53.026538,1247679.0
2009-11-12 05:30:00,NYSE:MUR,52.647654,52.992085,51.089063,51.304338,1805236.0
2009-11-13 05:30:00,NYSE:MUR,51.201015,52.121531,50.615458,51.467947,2497243.0
2009-11-16 05:30:00,NYSE:MUR,51.950163,52.983483,51.950163,52.440981,2495460.0
2009-11-17 05:30:00,NYSE:MUR,52.501267,52.501267,51.562668,52.122383,1732622.0
2009-11-18 05:30:00,NYSE:MUR,52.329047,52.466814,51.114896,51.373226,1971110.0
2009-11-19 05:30:00,NYSE:MUR,50.934056,51.020175,49.203254,49.607971,3331242.0
2009-11-20 05:30:00,NYSE:MUR,49.194643,49.470195,48.919091,49.134366,2682280.0
2009-11-23 05:30:00,NYSE:MUR,50.047132,50.581023,49.564916,49.719923,2158348.0
2009-11-24 05:30:00,NYSE:MUR,49.668239,49.719923,48.65215,49.521852,3004295.0
2009-11-25 05:30:00,NYSE:MUR,49.521852,50.348517,49.349641,50.288231,1121722.0
2009-11-27 05:30:00,NYSE:MUR,48.781306,49.229087,48.006325,48.82437,1021636.0
2009-11-30 05:30:00,NYSE:MUR,48.540207,49.392696,48.152712,48.557429,2488515.0
2009-12-01 05:30:00,NYSE:MUR,49.375474,49.68547,48.944924,49.323808,2514666.0
2009-12-02 05:30:00,NYSE:MUR,49.220476,49.51325,48.566031,48.789926,1544777.0
2009-12-03 05:30:00,NYSE:MUR,48.789926,49.091302,47.954659,47.97189,1745018.0
2009-12-04 05:30:00,NYSE:MUR,48.669372,49.384094,47.145225,47.437999,2420587.0
2009-12-07 05:30:00,NYSE:MUR,47.093559,47.834105,46.938552,47.196891,2519826.0
2009-12-08 05:30:00,NYSE:MUR,46.895515,46.955783,46.172182,46.32718,1977038.0
2009-12-09 05:30:00,NYSE:MUR,46.378846,46.542455,45.250805,45.836353,2466276.0
2009-12-10 05:30:00,NYSE:MUR,46.008564,46.439114,45.681355,46.008564,3071297.0
2009-12-11 05:30:00,NYSE:MUR,46.31856,46.344411,45.224972,45.793289,3540540.0
2009-12-14 05:30:00,NYSE:MUR,46.456345,47.007449,45.982731,46.447734,2412193.0
2009-12-15 05:30:00,NYSE:MUR,46.146349,47.041893,45.862177,46.378846,2015410.0
2009-12-16 05:30:00,NYSE:MUR,46.654389,47.730764,46.439114,47.059106,2109367.0
2009-12-17 05:30:00,NYSE:MUR,46.568288,46.921348,46.198006,46.378846,1516974.0
2009-12-18 05:30:00,NYSE:MUR,46.576899,47.084939,45.672735,45.982731,3913575.0
2009-12-21 05:30:00,NYSE:MUR,46.206626,46.792174,46.146349,46.396068,1864455.0
2009-12-22 05:30:00,NYSE:MUR,46.370244,46.912728,46.284125,46.731897,1405273.0
2009-12-23 05:30:00,NYSE:MUR,47.076337,47.756615,46.688842,47.704931,1459319.0
2009-12-24 05:30:00,NYSE:MUR,47.808272,48.212998,47.696329,48.212998,498338.0
2009-12-28 05:30:00,NYSE:MUR,48.47993,48.65215,47.196891,47.394935,1627983.0
2009-12-29 05:30:00,NYSE:MUR,47.592997,47.902993,46.800794,46.861062,1255249.0
2009-12-30 05:30:00,NYSE:MUR,46.697453,47.093559,46.533835,46.998838,882524.0
2009-12-31 05:30:00,NYSE:MUR,47.3605,47.377722,46.559686,46.67162,1091377.0
2010-01-04 05:30:00,NYSE:MUR,47.459535,48.273266,47.455221,48.152712,1647001.0
2010-01-05 05:30:00,NYSE:MUR,48.324932,49.013812,48.019242,48.936313,1792971.0
2010-01-06 05:30:00,NYSE:MUR,48.953544,49.969633,48.695205,49.68547,2145301.0
2010-01-07 05:30:00,NYSE:MUR,49.599369,50.417405,49.358261,50.245194,2005923.0
2010-01-08 05:30:00,NYSE:MUR,50.038521,51.597112,49.625193,51.41629,2753229.0
2010-01-11 05:30:00,NYSE:MUR,51.812387,51.91571,50.934056,51.312949,2587107.0
2010-01-12 05:30:00,NYSE:MUR,50.072956,50.443238,48.65215,49.487417,3138784.0
2010-01-13 05:30:00,NYSE:MUR,49.487417,49.642406,48.2216,49.478815,1914217.0
2010-01-14 05:30:00,NYSE:MUR,49.211856,49.849079,48.90186,49.728525,1215595.0
2010-01-15 05:30:00,NYSE:MUR,49.496028,49.831857,48.411042,48.953544,1974850.0
2010-01-19 05:30:00,NYSE:MUR,48.634928,49.031034,48.109657,48.953544,1662300.0
2010-01-20 05:30:00,NYSE:MUR,48.411042,48.419653,47.679107,48.2216,1433639.0
2010-01-21 05:30:00,NYSE:MUR,48.126879,48.178545,46.309958,46.585519,3003689.0
2010-01-22 05:30:00,NYSE:MUR,46.421901,46.938552,45.345526,45.431627,2366965.0
2010-01-25 05:30:00,NYSE:MUR,45.89663,46.258292,45.181917,45.46608,1670915.0
2010-01-26 05:30:00,NYSE:MUR,44.996781,45.853575,44.751367,44.880532,1798946.0
2010-01-27 05:30:00,NYSE:MUR,44.751367,45.199148,44.036654,44.665257,2323841.0
2010-01-28 05:30:00,NYSE:MUR,44.449982,45.156084,43.201387,43.976386,3182295.0
2010-01-29 05:30:00,NYSE:MUR,44.458593,44.794422,43.674992,43.984988,4223345.0
2010-02-01 05:30:00,NYSE:MUR,44.34665,45.285249,44.338048,45.20775,1728335.0
2010-02-02 05:30:00,NYSE:MUR,45.276638,46.094683,44.914976,45.999962,2313551.0
2010-02-03 05:30:00,NYSE:MUR,45.664133,45.81052,44.871921,45.199148,1771607.0
2010-02-04 05:30:00,NYSE:MUR,44.665257,44.759978,43.253053,43.382218,1837414.0
2010-02-05 05:30:00,NYSE:MUR,43.597493,43.718047,42.1939,43.700825,2533478.0
2010-02-08 05:30:00,NYSE:MUR,43.597493,44.036654,43.158332,43.166943,2389336.0
2010-02-09 05:30:00,NYSE:MUR,43.804157,44.803033,43.494152,44.363872,2448143.0
2010-02-10 05:30:00,NYSE:MUR,44.260531,44.484426,43.356394,43.829981,1995489.0
2010-02-11 05:30:00,NYSE:MUR,43.571669,44.51887,43.321941,44.363872,1668219.0
2010-02-12 05:30:00,NYSE:MUR,43.597493,44.467204,43.339163,44.139977,1935173.0
2010-02-16 05:30:00,NYSE:MUR,44.716914,45.37997,44.656646,45.37997,2038000.0
2010-02-17 05:30:00,NYSE:MUR,45.474691,45.526357,44.811635,45.190528,1623571.0
2010-02-18 05:30:00,NYSE:MUR,45.087196,45.81052,44.880532,45.689966,1399513.0
2010-02-19 05:30:00,NYSE:MUR,45.483311,46.301347,45.474691,46.06885,1453265.0
2010-02-22 05:30:00,NYSE:MUR,46.232459,46.525233,45.655522,45.767456,1795423.0
2010-02-23 05:30:00,NYSE:MUR,45.621078,45.724419,44.561925,44.587758,1701966.0
2010-02-24 05:30:00,NYSE:MUR,44.785802,45.018308,44.251929,44.691081,1322279.0
2010-02-25 05:30:00,NYSE:MUR,43.761111,44.484426,43.330561,44.389705,1365202.0
2010-02-26 05:30:00,NYSE:MUR,44.630813,44.889143,44.028043,44.691081,1998511.0
2010-03-01 05:30:00,NYSE:MUR,45.061363,45.88801,44.940809,45.853575,1997219.0
2010-03-02 05:30:00,NYSE:MUR,46.06885,46.572602,45.89663,46.206626,2069800.0
2010-03-03 05:30:00,NYSE:MUR,46.344411,46.585519,45.879408,46.017184,1830113.0
2010-03-04 05:30:00,NYSE:MUR,45.982731,46.137738,45.336906,45.81914,1703248.0
2010-03-05 05:30:00,NYSE:MUR,46.232459,46.714675,46.172182,46.413281,1939962.0
2010-03-08 05:30:00,NYSE:MUR,46.396068,46.774961,46.086072,46.24107,1624093.0
2010-03-09 05:30:00,NYSE:MUR,45.905241,46.456345,45.801909,46.129136,1889346.0
2010-03-10 05:30:00,NYSE:MUR,45.974129,46.619954,45.974129,46.447734,1557255.0
2010-03-11 05:30:00,NYSE:MUR,46.258292,46.533835,46.06885,46.31856,1215670.0
2010-03-12 05:30:00,NYSE:MUR,46.628556,46.714675,46.24969,46.4994,1663248.0
2010-03-15 05:30:00,NYSE:MUR,46.275523,46.335791,45.621078,46.24969,1607771.0
2010-03-16 05:30:00,NYSE:MUR,46.490798,47.343278,46.361624,47.084939,3913749.0
2010-03-17 05:30:00,NYSE:MUR,47.351898,48.204378,47.308834,47.894382,2045346.0
2010-03-18 05:30:00,NYSE:MUR,47.747995,47.97189,47.291612,47.722162,1921433.0
2010-03-19 05:30:00,NYSE:MUR,47.825485,47.937437,46.68024,47.386333,2239031.0
2010-03-22 05:30:00,NYSE:MUR,46.75773,47.592997,46.533835,47.3605,1305207.0
2010-03-23 05:30:00,NYSE:MUR,47.472443,47.834105,47.128003,47.592997,1354094.0
2010-03-24 05:30:00,NYSE:MUR,47.162447,48.066611,47.024671,47.429388,2138775.0
2010-03-25 05:30:00,NYSE:MUR,47.980492,48.006325,46.396068,46.404679,2316526.0
2010-03-26 05:30:00,NYSE:MUR,46.67162,46.792174,45.569412,46.008564,2358029.0
2010-03-29 05:30:00,NYSE:MUR,46.31856,47.343278,46.180793,47.343278,2179450.0
2010-03-30 05:30:00,NYSE:MUR,47.472443,47.79105,47.18828,47.481054,1857957.0
2010-03-31 05:30:00,NYSE:MUR,47.679107,48.82437,47.627441,48.385209,2702018.0
2010-04-01 05:30:00,NYSE:MUR,48.867425,49.831857,48.841592,49.633804,2556797.0
2010-04-05 05:30:00,NYSE:MUR,49.857681,51.373226,49.719923,51.209617,2453237.0
2010-04-06 05:30:00,NYSE:MUR,51.011573,51.683222,50.710179,51.433503,2498756.0
2010-04-07 05:30:00,NYSE:MUR,51.390439,51.536844,50.916843,51.114896,2438831.0
2010-04-08 05:30:00,NYSE:MUR,50.55519,51.605714,50.391572,51.459327,1961066.0
2010-04-09 05:30:00,NYSE:MUR,51.717666,52.062115,51.373226,52.010431,2129794.0
2010-04-12 05:30:00,NYSE:MUR,52.001829,53.035149,51.898497,52.77681,3183361.0
2010-04-13 05:30:00,NYSE:MUR,52.725153,52.862929,51.975996,52.509878,2210573.0
2010-04-14 05:30:00,NYSE:MUR,52.768208,53.20736,52.34626,53.13849,1759348.0
2010-04-15 05:30:00,NYSE:MUR,53.104037,53.56042,52.923215,53.104037,2225930.0
2010-04-16 05:30:00,NYSE:MUR,52.639043,52.95765,51.579881,51.83822,2779881.0
2010-04-19 05:30:00,NYSE:MUR,51.312949,51.829609,50.934056,51.734888,2380883.0
2010-04-20 05:30:00,NYSE:MUR,52.380713,53.267646,52.208493,53.112639,2068703.0
2010-04-21 05:30:00,NYSE:MUR,52.837096,53.017936,51.855442,52.380713,1934447.0
2010-04-22 05:30:00,NYSE:MUR,51.614334,52.587386,51.287116,52.509878,1317407.0
2010-04-23 05:30:00,NYSE:MUR,52.647654,53.267646,52.057801,53.233211,1668306.0
2010-04-26 05:30:00,NYSE:MUR,53.3882,53.474319,52.854318,53.000705,1671800.0
2010-04-27 05:30:00,NYSE:MUR,52.613219,53.353765,51.450725,51.519613,1712815.0
2010-04-28 05:30:00,NYSE:MUR,52.079328,52.621821,51.640167,52.484045,1729883.0
2010-04-29 05:30:00,NYSE:MUR,52.897364,53.353765,51.786554,52.260159,1613867.0
2010-04-30 05:30:00,NYSE:MUR,52.544322,52.561535,51.269885,51.795156,2436792.0
2010-05-03 05:30:00,NYSE:MUR,52.122383,52.733773,51.244052,52.27739,1914565.0
2010-05-04 05:30:00,NYSE:MUR,51.519613,51.519613,49.986855,50.210741,2030445.0
2010-05-05 05:30:00,NYSE:MUR,49.659637,50.090187,48.126879,48.548818,3527711.0
2010-05-06 05:30:00,NYSE:MUR,48.066611,48.944924,43.571669,46.525233,4103718.0
2010-05-07 05:30:00,NYSE:MUR,46.516622,47.10217,44.630813,45.37997,3286433.0
2010-05-10 05:30:00,NYSE:MUR,47.834105,48.324932,46.75773,47.653274,2577908.0
2010-05-11 05:30:00,NYSE:MUR,46.843831,48.47993,46.843831,48.032158,4061791.0
2010-05-12 05:30:00,NYSE:MUR,48.721038,50.279629,48.65215,49.978235,3749362.0
2010-05-13 05:30:00,NYSE:MUR,49.76296,50.064354,49.117135,49.461584,2620487.0
2010-05-14 05:30:00,NYSE:MUR,48.807139,49.022414,47.515489,48.626317,2598629.0
2010-05-17 05:30:00,NYSE:MUR,48.591864,49.022414,46.67162,47.756615,2396887.0
2010-05-18 05:30:00,NYSE:MUR,48.540207,48.936313,46.602732,46.895515,2832867.0
2010-05-19 05:30:00,NYSE:MUR,46.533835,47.119392,45.509144,46.396068,2324155.0
2010-05-20 05:30:00,NYSE:MUR,45.199148,45.397192,43.9161,44.183041,2575647.0
2010-05-21 05:30:00,NYSE:MUR,43.48555,45.069974,43.141119,45.052761,2655259.0
2010-05-24 05:30:00,NYSE:MUR,45.052761,45.052761,43.433884,43.545836,2660278.0
2010-05-25 05:30:00,NYSE:MUR,42.495294,44.34665,42.261066,44.243318,3122437.0
2010-05-26 05:30:00,NYSE:MUR,44.656646,45.052761,43.700825,43.950535,2381700.0
2010-05-27 05:30:00,NYSE:MUR,44.751367,46.111905,44.561925,46.034415,2207186.0
2010-05-28 05:30:00,NYSE:MUR,46.792174,46.852451,45.586634,45.965518,2635998.0
2010-06-01 05:30:00,NYSE:MUR,45.242185,46.146349,43.959155,43.984988,2328909.0
2010-06-02 05:30:00,NYSE:MUR,44.260531,44.544703,43.606104,44.544703,5270353.0
2010-06-03 05:30:00,NYSE:MUR,44.871921,44.992475,43.933322,44.889143,2486360.0
2010-06-04 05:30:00,NYSE:MUR,43.929017,44.665257,43.055,43.253053,2309788.0
2010-06-07 05:30:00,NYSE:MUR,43.571669,44.053876,42.934446,43.055,2861422.0
2010-06-08 05:30:00,NYSE:MUR,43.253053,43.74388,42.469538,43.683603,2143375.0
2010-06-09 05:30:00,NYSE:MUR,44.148597,45.250805,43.433884,43.640539,2159912.0
2010-06-10 05:30:00,NYSE:MUR,44.734145,46.731897,44.734145,46.697453,3354581.0
2010-06-11 05:30:00,NYSE:MUR,46.051628,46.809396,45.569498,46.723277,2188369.0
2010-06-14 05:30:00,NYSE:MUR,47.394935,48.023547,46.861062,46.981616,1924081.0
2010-06-15 05:30:00,NYSE:MUR,47.3605,48.144101,47.248557,48.032158,2031005.0
2010-06-16 05:30:00,NYSE:MUR,47.636061,48.299099,47.412166,47.928826,1818561.0
2010-06-17 05:30:00,NYSE:MUR,48.083824,48.212998,47.326065,47.868549,1622731.0
2010-06-18 05:30:00,NYSE:MUR,47.79105,48.032158,47.334667,47.96327,2150898.0
2010-06-21 05:30:00,NYSE:MUR,48.746871,48.996581,47.53272,47.911604,1188081.0
2010-06-22 05:30:00,NYSE:MUR,47.946039,47.946039,46.258292,46.309958,1810392.0
2010-06-23 05:30:00,NYSE:MUR,46.24107,46.473567,45.629698,46.06885,1851042.0
2010-06-24 05:30:00,NYSE:MUR,45.931074,46.163571,44.940809,45.104418,1655863.0
2010-06-25 05:30:00,NYSE:MUR,45.181917,45.689966,44.613591,45.293869,2806468.0
2010-06-28 05:30:00,NYSE:MUR,45.156084,45.474691,44.402622,44.458593,1880052.0
2010-06-29 05:30:00,NYSE:MUR,43.65777,43.752491,42.409175,42.80529,2888289.0
2010-06-30 05:30:00,NYSE:MUR,42.831123,43.73526,42.546951,42.667505,2312655.0
2010-07-01 05:30:00,NYSE:MUR,42.62445,42.968881,41.50502,42.133614,2411381.0
2010-07-02 05:30:00,NYSE:MUR,42.133614,42.770837,41.573908,41.711684,2022052.0
2010-07-06 05:30:00,NYSE:MUR,42.503896,42.87416,41.453354,41.909737,1946402.0
2010-07-07 05:30:00,NYSE:MUR,42.056124,43.425264,41.875293,43.356394,2026720.0
2010-07-08 05:30:00,NYSE:MUR,43.74388,44.010821,43.072222,43.933322,1840312.0
2010-07-09 05:30:00,NYSE:MUR,43.829981,44.053876,43.563049,43.812768,1667882.0
2010-07-12 05:30:00,NYSE:MUR,43.597493,44.157208,43.175554,43.571669,1172377.0
2010-07-13 05:30:00,NYSE:MUR,44.251929,44.251929,43.640539,43.829981,2813918.0
2010-07-14 05:30:00,NYSE:MUR,43.528605,43.821379,43.192776,43.537216,1663719.0
2010-07-15 05:30:00,NYSE:MUR,43.563049,43.812768,42.667505,43.66639,1484265.0
2010-07-16 05:30:00,NYSE:MUR,43.924702,43.924702,42.934446,43.209989,2926548.0
2010-07-19 05:30:00,NYSE:MUR,43.502772,43.66639,42.79667,43.192776,1101299.0
2010-07-20 05:30:00,NYSE:MUR,42.62445,43.933322,42.460841,43.855814,2487101.0
2010-07-21 05:30:00,NYSE:MUR,44.036654,44.217494,43.067917,43.494152,1765358.0
2010-07-22 05:30:00,NYSE:MUR,44.045256,44.906356,43.692223,44.622211,1812695.0
2010-07-23 05:30:00,NYSE:MUR,44.95804,47.661894,44.854699,47.53272,6536506.0
2010-07-26 05:30:00,NYSE:MUR,47.481054,48.195767,47.171153,48.023547,2139070.0
2010-07-27 05:30:00,NYSE:MUR,48.2216,48.634928,47.524109,47.808272,2398850.0
2010-07-28 05:30:00,NYSE:MUR,47.394935,47.799652,47.119392,47.248557,1466764.0
2010-07-29 05:30:00,NYSE:MUR,47.644663,48.092444,46.387457,46.869664,2217075.0
2010-07-30 05:30:00,NYSE:MUR,46.275523,47.351898,46.232459,47.145225,1989507.0
2010-08-02 05:30:00,NYSE:MUR,47.954659,48.996581,47.584377,48.488541,2254513.0
2010-08-03 05:30:00,NYSE:MUR,48.2216,48.454097,47.773828,48.006325,1811053.0
2010-08-04 05:30:00,NYSE:MUR,48.290488,49.125755,48.118268,48.850203,2467068.0
2010-08-05 05:30:00,NYSE:MUR,48.2216,49.797413,47.369102,49.289373,2983220.0
2010-08-06 05:30:00,NYSE:MUR,48.540207,49.074098,47.747995,48.514374,2008851.0
2010-08-09 05:30:00,NYSE:MUR,48.669372,48.970757,48.350756,48.867425,1341890.0
2010-08-10 05:30:00,NYSE:MUR,48.083824,48.428273,47.731634,48.367987,2505337.0
2010-08-11 05:30:00,NYSE:MUR,47.386333,47.498276,46.137738,46.335791,1954513.0
2010-08-12 05:30:00,NYSE:MUR,45.46608,46.361624,45.46608,46.146349,2126201.0
2010-08-13 05:30:00,NYSE:MUR,46.146349,47.524109,46.146349,47.205511,2925969.0
2010-08-16 05:30:00,NYSE:MUR,46.964385,47.902993,46.516622,47.756615,1990900.0
2010-08-17 05:30:00,NYSE:MUR,48.273266,49.039645,47.842716,48.729649,2430701.0
2010-08-18 05:30:00,NYSE:MUR,48.342154,48.445477,47.653274,48.178545,2070085.0
2010-08-19 05:30:00,NYSE:MUR,47.920206,48.092444,47.214113,47.747995,2408915.0
2010-08-20 05:30:00,NYSE:MUR,47.334667,47.696329,46.740508,47.274381,2193630.0
2010-08-23 05:30:00,NYSE:MUR,47.472443,48.195767,47.386333,47.386333,1306790.0
2010-08-24 05:30:00,NYSE:MUR,46.723277,47.024671,46.404679,46.559686,1774977.0
2010-08-25 05:30:00,NYSE:MUR,46.215237,46.835229,45.603865,46.654389,1606883.0
2010-08-26 05:30:00,NYSE:MUR,46.878284,47.231344,46.206626,46.413281,1340591.0
2010-08-27 05:30:00,NYSE:MUR,46.766341,47.54134,45.784687,47.437999,1668274.0
2010-08-30 05:30:00,NYSE:MUR,47.351898,47.679107,46.878284,46.886895,991574.0
2010-08-31 05:30:00,NYSE:MUR,46.74911,47.024671,45.913861,46.120516,2293690.0
2010-09-01 05:30:00,NYSE:MUR,46.861062,48.488541,46.861062,48.454097,2031175.0
2010-09-02 05:30:00,NYSE:MUR,48.634928,49.151588,48.281886,49.151588,1449059.0
2010-09-03 05:30:00,NYSE:MUR,49.392696,49.900745,49.108533,49.642406,1199531.0
2010-09-07 05:30:00,NYSE:MUR,49.142986,49.573536,48.764093,49.160199,1510783.0
2010-09-08 05:30:00,NYSE:MUR,49.280753,49.496028,48.884647,49.099922,1432189.0
2010-09-09 05:30:00,NYSE:MUR,49.814644,49.9438,48.944924,49.237689,1155657.0
2010-09-10 05:30:00,NYSE:MUR,49.539083,50.460469,49.496028,50.271018,1795172.0
2010-09-13 05:30:00,NYSE:MUR,50.925454,51.40767,50.718781,51.226848,2116098.0
2010-09-14 05:30:00,NYSE:MUR,51.089063,51.554057,50.8049,51.028777,2852220.0
2010-09-15 05:30:00,NYSE:MUR,50.63268,51.347393,50.503506,51.23545,1599198.0
2010-09-16 05:30:00,NYSE:MUR,50.796298,51.06323,50.314064,50.63268,1742687.0
2010-09-17 05:30:00,NYSE:MUR,50.692957,51.06323,50.20213,50.830733,1558366.0
2010-09-20 05:30:00,NYSE:MUR,51.037397,52.647654,50.779067,52.303223,2551517.0
2010-09-21 05:30:00,NYSE:MUR,52.27739,52.306658,50.994342,51.855442,2089521.0
2010-09-22 05:30:00,NYSE:MUR,51.717666,52.406546,51.433503,51.554057,2080155.0
2010-09-23 05:30:00,NYSE:MUR,51.002953,51.450725,50.443238,51.05461,1602198.0
2010-09-24 05:30:00,NYSE:MUR,51.691833,52.458212,51.381837,52.458212,2241963.0
2010-09-27 05:30:00,NYSE:MUR,52.389324,52.415157,51.674602,51.932941,1524599.0
2010-09-28 05:30:00,NYSE:MUR,52.130985,53.164323,51.459327,52.992085,2829214.0
2010-09-29 05:30:00,NYSE:MUR,52.811263,53.12987,52.122383,52.750977,2028361.0
2010-09-30 05:30:00,NYSE:MUR,53.13849,53.715418,52.501267,53.319312,3100422.0
2010-10-01 05:30:00,NYSE:MUR,53.870416,53.951368,53.043769,53.508754,2293667.0
2010-10-04 05:30:00,NYSE:MUR,53.474319,53.853185,52.148216,52.535702,2402091.0
2010-10-05 05:30:00,NYSE:MUR,53.319312,54.292355,52.983483,54.171801,2277017.0
2010-10-06 05:30:00,NYSE:MUR,53.904869,54.378456,53.3882,54.085691,1857389.0
2010-10-07 05:30:00,NYSE:MUR,54.550694,54.628184,53.629308,54.533463,2679441.0
2010-10-08 05:30:00,NYSE:MUR,54.662628,55.661504,54.145968,55.454831,2377044.0
2010-10-11 05:30:00,NYSE:MUR,55.575385,57.065097,55.36873,56.109276,1918648.0
2010-10-12 05:30:00,NYSE:MUR,55.601236,56.109276,54.886523,55.937065,2009019.0
2010-10-13 05:30:00,NYSE:MUR,56.22121,56.668991,56.048999,56.358995,1548386.0
2010-10-14 05:30:00,NYSE:MUR,56.341764,56.789545,55.36011,56.014555,1891659.0
2010-10-15 05:30:00,NYSE:MUR,56.57427,56.58289,55.549552,56.496771,1568073.0
2010-10-18 05:30:00,NYSE:MUR,56.264274,56.445105,55.627069,56.178173,2360199.0
2010-10-19 05:30:00,NYSE:MUR,55.28262,55.317073,54.2493,54.585129,2110181.0
2010-10-20 05:30:00,NYSE:MUR,54.567907,55.644282,54.567907,55.532348,2181236.0
2010-10-21 05:30:00,NYSE:MUR,55.670106,56.488169,55.299842,56.160942,2763217.0
2010-10-22 05:30:00,NYSE:MUR,56.419272,56.419272,55.601236,56.307329,1467549.0
2010-10-25 05:30:00,NYSE:MUR,56.8326,57.900373,56.315931,56.557039,1695004.0
2010-10-26 05:30:00,NYSE:MUR,56.186775,56.505382,55.937065,56.15234,2106887.0
2010-10-27 05:30:00,NYSE:MUR,55.782058,55.894001,55.308453,55.833724,1747860.0
2010-10-28 05:30:00,NYSE:MUR,56.315931,56.40205,55.739003,55.954278,1208745.0
2010-10-29 05:30:00,NYSE:MUR,55.71317,56.565659,55.609838,56.109276,1355678.0
2010-11-01 05:30:00,NYSE:MUR,56.58289,57.039273,55.79928,56.195377,1664574.0
2010-11-02 05:30:00,NYSE:MUR,56.729268,56.884266,56.40205,56.703444,1079743.0
2010-11-03 05:30:00,NYSE:MUR,56.849822,56.987589,55.584005,56.591492,2116494.0
2010-11-04 05:30:00,NYSE:MUR,56.22983,58.460079,55.756225,57.917577,4362178.0
2010-11-05 05:30:00,NYSE:MUR,57.917577,58.434246,57.710922,58.417024,1621234.0
2010-11-08 05:30:00,NYSE:MUR,58.167305,59.390067,58.167305,59.338401,1856015.0
2010-11-09 05:30:00,NYSE:MUR,59.407298,59.579509,57.245928,57.607581,2275633.0
2010-11-10 05:30:00,NYSE:MUR,57.702302,58.408413,56.961756,58.408413,1375777.0
2010-11-11 05:30:00,NYSE:MUR,58.081195,59.140339,57.814349,58.950915,1124970.0
2010-11-12 05:30:00,NYSE:MUR,58.417024,58.417024,56.884266,57.306205,1634141.0
2010-11-15 05:30:00,NYSE:MUR,58.038131,58.761473,57.564544,57.857309,1857211.0
2010-11-16 05:30:00,NYSE:MUR,57.400926,57.400926,56.014555,56.367615,1681711.0
2010-11-17 05:30:00,NYSE:MUR,56.410652,57.056477,56.100656,56.539826,1953428.0
2010-11-18 05:30:00,NYSE:MUR,57.065097,57.883142,57.065097,57.642034,1958033.0
2010-11-19 05:30:00,NYSE:MUR,57.504258,57.607581,56.806767,57.581757,2240762.0
2010-11-22 05:30:00,NYSE:MUR,57.228715,57.555924,56.686213,57.461203,1730153.0
2010-11-23 05:30:00,NYSE:MUR,56.737879,56.763712,55.868168,56.22983,1844458.0
2010-11-24 05:30:00,NYSE:MUR,56.600103,57.555924,56.522604,57.51286,1602911.0
2010-11-26 05:30:00,NYSE:MUR,57.426759,57.573146,56.565659,56.608723,765958.0
2010-11-29 05:30:00,NYSE:MUR,56.126489,58.425644,55.79928,58.184536,2775581.0
2010-11-30 05:30:00,NYSE:MUR,57.314816,58.770075,57.133994,58.141472,2278443.0
2010-12-01 05:30:00,NYSE:MUR,59.398678,59.919652,58.847574,59.691461,1407132.0
2010-12-02 05:30:00,NYSE:MUR,59.66561,61.103665,59.510621,60.922825,1447521.0
2010-12-03 05:30:00,NYSE:MUR,60.716152,61.344773,60.698948,61.060601,998952.0
2010-12-06 05:30:00,NYSE:MUR,60.940047,61.241432,60.475053,61.069212,1269184.0
2010-12-07 05:30:00,NYSE:MUR,61.835591,62.119754,60.991713,61.293089,1979256.0
2010-12-08 05:30:00,NYSE:MUR,61.293089,61.801147,59.984226,60.328666,1399442.0
2010-12-09 05:30:00,NYSE:MUR,60.914223,61.103665,59.906736,60.414776,1913310.0
2010-12-10 05:30:00,NYSE:MUR,60.741985,61.31894,60.500877,60.991713,921869.0
2010-12-13 05:30:00,NYSE:MUR,61.499762,62.093921,61.172535,61.250043,865775.0
2010-12-14 05:30:00,NYSE:MUR,61.077814,61.814063,60.612829,60.673115,1252205.0
2010-12-15 05:30:00,NYSE:MUR,60.733383,61.172535,59.889505,60.010059,1334396.0
2010-12-16 05:30:00,NYSE:MUR,59.760331,61.034768,59.622573,60.914223,1517057.0
2010-12-17 05:30:00,NYSE:MUR,60.914223,62.17142,60.698948,62.093921,1988863.0
2010-12-20 05:30:00,NYSE:MUR,62.403917,62.946419,61.663371,62.662247,1538872.0
2010-12-21 05:30:00,NYSE:MUR,62.834467,63.394182,62.662247,63.239184,1305620.0
2010-12-22 05:30:00,NYSE:MUR,63.178907,63.953897,63.092797,63.919453,977947.0
2010-12-23 05:30:00,NYSE:MUR,63.859176,64.014174,63.385571,63.712798,914993.0
2010-12-27 05:30:00,NYSE:MUR,63.54918,64.117515,63.54056,63.738622,761437.0
2010-12-28 05:30:00,NYSE:MUR,63.876389,64.556667,63.686965,64.40166,785692.0
2010-12-29 05:30:00,NYSE:MUR,64.5825,65.4436,64.238069,64.901107,919693.0
2010-12-30 05:30:00,NYSE:MUR,64.866663,65.021652,64.022794,64.15195,920773.0
2010-12-31 05:30:00,NYSE:MUR,64.134728,64.720276,64.065831,64.195005,698737.0
2011-01-03 05:30:00,NYSE:MUR,64.978615,66.063592,64.806377,65.538321,1866879.0
2011-01-04 05:30:00,NYSE:MUR,65.908585,66.080823,63.583624,64.513612,2228799.0
2011-01-05 05:30:00,NYSE:MUR,64.203616,65.19389,63.885009,64.918329,1811952.0
2011-01-06 05:30:00,NYSE:MUR,65.090549,65.564059,63.221962,63.747233,1331199.0
2011-01-07 05:30:00,NYSE:MUR,61.370597,62.782801,60.061725,61.181155,5677567.0
2011-01-10 05:30:00,NYSE:MUR,62.369464,62.920586,61.301709,62.782801,2706145.0
2011-01-11 05:30:00,NYSE:MUR,63.135861,64.022794,62.782801,64.005563,1963480.0
2011-01-12 05:30:00,NYSE:MUR,64.548065,64.625555,63.7214,64.169172,1553395.0
2011-01-13 05:30:00,NYSE:MUR,64.33279,64.76334,62.696691,63.11863,2523127.0
2011-01-14 05:30:00,NYSE:MUR,63.514727,64.022794,62.739746,63.850556,1679108.0
2011-01-18 05:30:00,NYSE:MUR,63.928073,64.160552,63.325285,63.988341,2201688.0
2011-01-19 05:30:00,NYSE:MUR,64.065831,64.367225,62.670858,62.911966,2844594.0
2011-01-20 05:30:00,NYSE:MUR,62.774181,62.851698,61.301709,62.214475,2022264.0
2011-01-21 05:30:00,NYSE:MUR,62.756968,62.756968,62.093921,62.274761,1962016.0
2011-01-24 05:30:00,NYSE:MUR,62.550304,62.636423,61.887257,62.068088,1692409.0
2011-01-25 05:30:00,NYSE:MUR,61.981978,61.981978,60.371721,61.172535,3436265.0
2011-01-26 05:30:00,NYSE:MUR,61.482531,63.230564,61.448096,63.058353,2268378.0
2011-01-27 05:30:00,NYSE:MUR,55.489284,58.038131,54.765969,56.608723,12459390.0
2011-01-28 05:30:00,NYSE:MUR,56.298718,57.504258,56.298718,56.944543,5203994.0
2011-01-31 05:30:00,NYSE:MUR,56.806767,57.590368,56.453716,57.09093,4460434.0
2011-02-01 05:30:00,NYSE:MUR,57.590368,58.950915,57.530091,58.873407,3044460.0
2011-02-02 05:30:00,NYSE:MUR,59.200625,59.200625,57.753986,57.814254,2285165.0
2011-02-03 05:30:00,NYSE:MUR,57.762588,58.666743,57.478425,58.546198,1916427.0
2011-02-04 05:30:00,NYSE:MUR,58.563402,58.950915,57.676478,58.038131,2319801.0
2011-02-07 05:30:00,NYSE:MUR,58.348127,58.795831,58.081195,58.210369,1803613.0
2011-02-08 05:30:00,NYSE:MUR,58.30509,59.269513,57.6937,59.131737,2297807.0
2011-02-09 05:30:00,NYSE:MUR,58.993952,59.097293,58.167305,58.615086,2115123.0
2011-02-10 05:30:00,NYSE:MUR,58.761473,60.182279,58.597855,60.044503,2746008.0
2011-02-11 05:30:00,NYSE:MUR,59.622573,60.001439,58.98535,59.390067,1983186.0
2011-02-14 05:30:00,NYSE:MUR,59.209227,61.1381,59.149036,61.060601,2342320.0
2011-02-15 05:30:00,NYSE:MUR,60.896992,61.008944,60.165057,60.690328,2914940.0
2011-02-16 05:30:00,NYSE:MUR,60.828104,62.128356,60.828104,62.068088,2562756.0
2011-02-17 05:30:00,NYSE:MUR,61.766703,62.791412,61.508364,62.576137,2869068.0
2011-02-18 05:30:00,NYSE:MUR,62.627803,64.022794,62.472805,63.618068,3021443.0
2011-02-22 05:30:00,NYSE:MUR,64.177783,65.788031,62.955021,63.480292,3360112.0
2011-02-23 05:30:00,NYSE:MUR,63.506125,64.143348,63.480292,63.755835,3302978.0
2011-02-24 05:30:00,NYSE:MUR,63.652512,64.40166,62.266313,62.748357,2289656.0
2011-02-25 05:30:00,NYSE:MUR,63.11863,63.454459,62.825865,63.265017,1475258.0
2011-02-28 05:30:00,NYSE:MUR,63.618068,63.747233,62.227392,63.316683,2207838.0
2011-03-01 05:30:00,NYSE:MUR,63.686965,63.97973,62.636423,62.731144,1857936.0
2011-03-02 05:30:00,NYSE:MUR,62.739746,63.420006,61.861424,63.170296,2213220.0
2011-03-03 05:30:00,NYSE:MUR,63.376969,64.281106,63.135861,64.134728,2358705.0
2011-03-04 05:30:00,NYSE:MUR,64.022794,64.32417,63.170391,63.635281,1709370.0
2011-03-07 05:30:00,NYSE:MUR,64.083062,64.470557,62.627803,63.239184,1685772.0
2011-03-08 05:30:00,NYSE:MUR,63.03252,63.088664,61.654769,61.861424,2000933.0
2011-03-09 05:30:00,NYSE:MUR,61.835591,62.24891,61.120878,61.241432,1598550.0
2011-03-10 05:30:00,NYSE:MUR,60.595607,60.595607,58.976748,59.123126,2667309.0
2011-03-11 05:30:00,NYSE:MUR,58.795908,60.483673,58.752853,59.915338,2149891.0
2011-03-14 05:30:00,NYSE:MUR,60.156446,60.509497,59.657008,60.397554,2174891.0
2011-03-15 05:30:00,NYSE:MUR,58.30509,60.268398,57.598979,59.734507,1712594.0
2011-03-16 05:30:00,NYSE:MUR,59.725896,60.474192,58.270637,58.968128,2019777.0
2011-03-17 05:30:00,NYSE:MUR,59.941171,60.871159,59.66561,60.586996,1858662.0
2011-03-18 05:30:00,NYSE:MUR,61.499762,61.723639,59.726068,59.941171,2508080.0
2011-03-21 05:30:00,NYSE:MUR,60.810882,61.938914,60.681717,61.353375,1827589.0
2011-03-22 05:30:00,NYSE:MUR,61.439494,61.482531,60.948658,61.284487,1724184.0
2011-03-23 05:30:00,NYSE:MUR,61.112267,61.654769,60.836706,61.069212,1380938.0
2011-03-24 05:30:00,NYSE:MUR,61.508364,61.671982,60.664495,61.241432,791920.0
2011-03-25 05:30:00,NYSE:MUR,61.456707,62.567526,61.224219,62.472805,1972221.0
2011-03-28 05:30:00,NYSE:MUR,62.490036,62.782801,61.861424,61.887257,1101124.0
2011-03-29 05:30:00,NYSE:MUR,61.835591,62.774181,61.224219,62.369464,1153511.0
2011-03-30 05:30:00,NYSE:MUR,62.662247,63.359738,62.188642,62.980854,1479201.0
2011-03-31 05:30:00,NYSE:MUR,62.989456,63.988341,62.989456,63.221962,1488269.0
2011-04-01 05:30:00,NYSE:MUR,64.427511,64.5825,63.204731,63.488903,1523612.0
2011-04-04 05:30:00,NYSE:MUR,63.712798,63.996961,62.937799,63.144463,991412.0
2011-04-05 05:30:00,NYSE:MUR,63.092797,64.926931,63.092797,64.616935,2448189.0
2011-04-06 05:30:00,NYSE:MUR,64.944162,66.166924,64.375827,64.978615,3073767.0
2011-04-07 05:30:00,NYSE:MUR,64.814997,65.159437,64.108895,64.642786,2071528.0
2011-04-08 05:30:00,NYSE:MUR,65.331657,67.019413,65.323046,66.3047,2580509.0
2011-04-11 05:30:00,NYSE:MUR,66.3047,66.56303,64.573898,64.668619,1847936.0
2011-04-12 05:30:00,NYSE:MUR,64.117515,64.246671,62.438352,62.911966,2574507.0
2011-04-13 05:30:00,NYSE:MUR,63.773066,64.031396,62.946419,63.204731,1516962.0
2011-04-14 05:30:00,NYSE:MUR,62.800014,63.790288,62.42975,63.437237,1740710.0
2011-04-15 05:30:00,NYSE:MUR,63.618068,64.668619,63.153074,64.022794,2125597.0
2011-04-18 05:30:00,NYSE:MUR,63.084177,63.11863,62.162809,62.670858,1929736.0
2011-04-19 05:30:00,NYSE:MUR,62.636423,63.506125,62.524471,63.256415,1339758.0
2011-04-20 05:30:00,NYSE:MUR,64.298337,64.995828,64.220838,64.350003,1567378.0
2011-04-21 05:30:00,NYSE:MUR,64.651388,64.901107,63.97973,64.806377,993079.0
2011-04-25 05:30:00,NYSE:MUR,64.720276,65.107771,64.255282,64.522214,1142442.0
2011-04-26 05:30:00,NYSE:MUR,64.5825,64.720276,64.15195,64.367225,1551442.0
2011-04-27 05:30:00,NYSE:MUR,64.573898,65.727763,63.945277,65.676097,3450762.0
2011-04-28 05:30:00,NYSE:MUR,65.564154,65.960269,64.806377,65.831095,1396834.0
2011-04-29 05:30:00,NYSE:MUR,65.87415,67.303576,65.848317,66.718028,2402238.0
2011-05-02 05:30:00,NYSE:MUR,67.105514,67.131365,65.594292,65.762207,2681521.0
2011-05-03 05:30:00,NYSE:MUR,65.391934,65.391934,63.730002,64.263893,2562961.0
2011-05-04 05:30:00,NYSE:MUR,64.083062,64.203616,62.352251,63.066973,2672326.0
2011-05-05 05:30:00,NYSE:MUR,60.983111,61.758092,58.451468,59.045636,6049520.0
2011-05-06 05:30:00,NYSE:MUR,59.682841,61.241432,58.451468,59.105904,3575456.0
2011-05-09 05:30:00,NYSE:MUR,59.355614,60.974491,59.355614,60.785049,2426802.0
2011-05-10 05:30:00,NYSE:MUR,60.561163,61.361977,59.700063,60.543941,2190865.0
2011-05-11 05:30:00,NYSE:MUR,60.199501,60.199501,57.831476,58.12425,3029887.0
2011-05-12 05:30:00,NYSE:MUR,57.710922,58.12425,56.634547,57.375093,2643219.0
2011-05-13 05:30:00,NYSE:MUR,57.908975,58.038131,56.522604,57.159818,2960061.0
2011-05-16 05:30:00,NYSE:MUR,56.961756,57.900373,56.410652,56.58289,2871395.0
2011-05-17 05:30:00,NYSE:MUR,56.384828,57.159818,56.100656,56.910099,2399652.0
2011-05-18 05:30:00,NYSE:MUR,57.142596,58.253406,56.910099,57.762588,1526367.0
2011-05-19 05:30:00,NYSE:MUR,58.081195,58.365358,57.478425,57.917577,1957663.0
2011-05-20 05:30:00,NYSE:MUR,57.667867,58.640919,57.168429,57.590368,2540365.0
2011-05-23 05:30:00,NYSE:MUR,56.780934,57.43537,56.307329,56.737879,1594678.0
2011-05-24 05:30:00,NYSE:MUR,57.254548,58.718409,57.254548,57.977863,1853791.0
2011-05-25 05:30:00,NYSE:MUR,57.43537,58.925064,57.43537,58.718409,1663361.0
2011-05-26 05:30:00,NYSE:MUR,58.408413,58.795908,57.86592,58.572022,1343175.0
2011-05-27 05:30:00,NYSE:MUR,59.028405,59.527843,58.701187,58.98535,1039634.0
2011-05-31 05:30:00,NYSE:MUR,59.803395,59.880885,58.408413,59.321179,1539561.0
2011-06-01 05:30:00,NYSE:MUR,59.16619,59.502019,58.003696,58.227582,2284778.0
2011-06-02 05:30:00,NYSE:MUR,58.253406,58.649521,57.418139,57.736755,1752898.0
2011-06-03 05:30:00,NYSE:MUR,56.8326,58.012307,56.618195,57.555924,1367620.0
2011-06-06 05:30:00,NYSE:MUR,57.280372,57.51286,56.005935,56.126489,1444113.0
2011-06-07 05:30:00,NYSE:MUR,56.66038,56.944543,55.928445,55.954278,1427081.0
2011-06-08 05:30:00,NYSE:MUR,55.962898,56.643158,55.807891,55.919834,1800112.0
2011-06-09 05:30:00,NYSE:MUR,56.247061,56.918796,55.919834,56.755101,1556556.0
2011-06-10 05:30:00,NYSE:MUR,56.634547,56.66038,55.764827,55.885381,1699738.0
2011-06-13 05:30:00,NYSE:MUR,56.109276,56.539826,54.542074,55.067345,2082480.0
2011-06-14 05:30:00,NYSE:MUR,55.601236,56.462336,55.601236,55.876779,1900402.0
2011-06-15 05:30:00,NYSE:MUR,55.162066,55.601236,54.275133,54.688452,2062113.0
2011-06-16 05:30:00,NYSE:MUR,54.877903,54.885653,53.870416,54.344021,2791462.0
2011-06-17 05:30:00,NYSE:MUR,54.757349,55.093178,53.965137,54.361243,1931170.0
2011-06-20 05:30:00,NYSE:MUR,54.137357,54.757349,54.059858,54.559296,1458895.0
2011-06-21 05:30:00,NYSE:MUR,54.86069,55.618449,54.80471,55.394563,1591952.0
2011-06-22 05:30:00,NYSE:MUR,55.075965,55.898298,54.972624,55.144835,1327252.0
2011-06-23 05:30:00,NYSE:MUR,53.922082,54.455973,53.224591,54.438742,2574394.0
2011-06-24 05:30:00,NYSE:MUR,54.481797,54.576518,53.844583,54.085691,2521687.0
2011-06-27 05:30:00,NYSE:MUR,54.06846,54.184718,53.56042,53.844583,1767938.0
2011-06-28 05:30:00,NYSE:MUR,54.189014,54.697072,53.732631,54.438742,2345568.0
2011-06-29 05:30:00,NYSE:MUR,54.533463,55.687337,54.257902,55.618449,2585505.0
2011-06-30 05:30:00,NYSE:MUR,56.023166,56.600103,55.661504,56.539826,1982189.0
2011-07-01 05:30:00,NYSE:MUR,56.901488,57.297585,56.178173,57.254548,1755976.0
2011-07-05 05:30:00,NYSE:MUR,57.297585,57.805643,57.159818,57.392306,1780521.0
2011-07-06 05:30:00,NYSE:MUR,57.280372,57.280372,56.117887,56.341764,1860054.0
2011-07-07 05:30:00,NYSE:MUR,57.099541,57.2709,56.488169,56.789545,1769027.0
2011-07-08 05:30:00,NYSE:MUR,55.919834,56.528296,55.894001,56.445105,1884901.0
2011-07-11 05:30:00,NYSE:MUR,55.609838,55.609838,54.93818,55.136233,1692782.0
2011-07-12 05:30:00,NYSE:MUR,54.843459,55.739003,54.791793,54.981244,1844217.0
2011-07-13 05:30:00,NYSE:MUR,55.196519,56.195377,55.050114,55.213732,1359646.0
2011-07-14 05:30:00,NYSE:MUR,55.833724,56.109276,54.834839,54.895125,3092983.0
2011-07-15 05:30:00,NYSE:MUR,55.230954,56.238441,55.162066,55.997333,2319662.0
2011-07-18 05:30:00,NYSE:MUR,55.601236,55.687337,55.015679,55.385961,1637345.0
2011-07-19 05:30:00,NYSE:MUR,55.739003,56.557039,55.72179,56.324551,1914698.0
2011-07-20 05:30:00,NYSE:MUR,56.548437,59.992837,56.333162,58.933684,4994683.0
2011-07-21 05:30:00,NYSE:MUR,59.226458,59.407298,58.365358,58.718409,2243013.0
2011-07-22 05:30:00,NYSE:MUR,58.925064,60.199501,58.537578,60.02729,3211053.0
2011-07-25 05:30:00,NYSE:MUR,59.553676,60.509497,59.4159,59.863672,2183905.0
2011-07-26 05:30:00,NYSE:MUR,59.390067,60.052856,58.80451,59.037016,2151270.0
2011-07-27 05:30:00,NYSE:MUR,58.322303,58.718409,56.953154,57.624812,3111514.0
2011-07-28 05:30:00,NYSE:MUR,53.810148,55.670106,53.612077,55.015679,6706769.0
2011-07-29 05:30:00,NYSE:MUR,54.300966,55.829427,54.266522,55.299842,3597751.0
2011-08-01 05:30:00,NYSE:MUR,56.057619,56.186775,54.378456,54.748738,2560522.0
2011-08-02 05:30:00,NYSE:MUR,54.43014,54.895125,53.172925,53.181527,3558883.0
2011-08-03 05:30:00,NYSE:MUR,53.224591,53.405422,51.23545,52.019051,3572740.0
2011-08-04 05:30:00,NYSE:MUR,51.23545,51.338782,48.742566,48.927711,4264238.0
2011-08-05 05:30:00,NYSE:MUR,49.711303,49.9438,45.534968,47.53272,4202694.0
2011-08-08 05:30:00,NYSE:MUR,45.862177,46.189404,43.072222,43.468328,5233517.0
2011-08-09 05:30:00,NYSE:MUR,44.17443,44.579147,41.694462,44.52749,4971343.0
2011-08-10 05:30:00,NYSE:MUR,43.993599,44.208874,41.995847,42.142234,4109727.0
2011-08-11 05:30:00,NYSE:MUR,42.323056,44.725534,41.58251,44.148597,4140621.0
2011-08-12 05:30:00,NYSE:MUR,44.587758,45.104418,44.176152,44.691081,2647420.0
2011-08-15 05:30:00,NYSE:MUR,45.113029,46.301347,44.932189,46.163571,2330953.0
2011-08-16 05:30:00,NYSE:MUR,45.414423,45.621078,44.398316,45.181917,2477233.0
2011-08-17 05:30:00,NYSE:MUR,45.483311,45.965518,45.138862,45.672735,2488835.0
2011-08-18 05:30:00,NYSE:MUR,44.105542,44.200263,42.323056,42.745004,2671204.0
2011-08-19 05:30:00,NYSE:MUR,42.262788,43.640539,41.883904,41.926959,1798563.0
2011-08-22 05:30:00,NYSE:MUR,43.158332,43.296108,41.08309,41.212246,2354303.0
2011-08-23 05:30:00,NYSE:MUR,41.573908,43.141119,41.367235,43.072222,2543934.0
2011-08-24 05:30:00,NYSE:MUR,42.79667,43.261673,41.883904,42.615848,3148766.0
2011-08-25 05:30:00,NYSE:MUR,42.813892,43.416662,41.487789,41.875293,1881574.0
2011-08-26 05:30:00,NYSE:MUR,41.599741,42.736393,40.678373,42.529729,1910906.0
2011-08-29 05:30:00,NYSE:MUR,43.31333,44.432769,43.072222,44.381085,1946568.0
2011-08-30 05:30:00,NYSE:MUR,44.010821,44.670432,43.511383,44.381085,2361464.0
2011-08-31 05:30:00,NYSE:MUR,44.897754,46.981616,44.794422,46.137738,4319465.0
2011-09-01 05:30:00,NYSE:MUR,46.180793,46.947172,45.89663,46.103285,3103179.0
2011-09-02 05:30:00,NYSE:MUR,45.02691,45.087196,44.114153,44.734145,2748045.0
2011-09-06 05:30:00,NYSE:MUR,43.063602,43.425264,42.01306,43.356394,2189742.0
2011-09-07 05:30:00,NYSE:MUR,44.16581,45.543579,44.158586,45.319693,1775633.0
2011-09-08 05:30:00,NYSE:MUR,44.716914,45.38859,43.941933,44.286364,1896098.0
2011-09-09 05:30:00,NYSE:MUR,43.563049,44.294984,43.011945,43.209989,3366203.0
2011-09-12 05:30:00,NYSE:MUR,42.62445,43.22722,41.981992,42.986112,2370405.0
2011-09-13 05:30:00,NYSE:MUR,43.098055,44.60498,42.701949,44.200263,3312283.0
2011-09-14 05:30:00,NYSE:MUR,44.372483,45.052761,43.563049,44.475806,2950708.0
2011-09-15 05:30:00,NYSE:MUR,45.087196,45.282924,44.419852,45.02691,2816253.0
2011-09-16 05:30:00,NYSE:MUR,45.276638,45.81914,44.51887,44.95804,2770351.0
2011-09-19 05:30:00,NYSE:MUR,43.649159,44.260531,43.175554,43.829981,2490994.0
2011-09-20 05:30:00,NYSE:MUR,44.191661,44.673868,43.597493,43.692223,2278425.0
2011-09-21 05:30:00,NYSE:MUR,43.416662,43.545836,41.341402,41.358633,2975150.0
2011-09-22 05:30:00,NYSE:MUR,39.627822,39.86893,37.055716,37.931455,4755625.0
2011-09-23 05:30:00,NYSE:MUR,37.526738,39.36089,37.414795,38.628946,3514366.0
2011-09-26 05:30:00,NYSE:MUR,38.990608,39.989484,37.8884,39.86031,3125482.0
2011-09-27 05:30:00,NYSE:MUR,40.540588,41.746128,39.800042,40.032548,2425268.0
2011-09-28 05:30:00,NYSE:MUR,40.049752,40.394201,38.465337,38.525623,2728662.0
2011-09-29 05:30:00,NYSE:MUR,39.6106,39.731154,38.103675,39.00783,2729142.0
2011-09-30 05:30:00,NYSE:MUR,38.120897,38.89407,37.897002,38.026176,2336632.0
2011-10-03 05:30:00,NYSE:MUR,37.432017,37.793584,36.252319,36.252319,3155747.0
2011-10-04 05:30:00,NYSE:MUR,35.727048,38.663381,34.797051,38.603113,4464284.0
2011-10-05 05:30:00,NYSE:MUR,38.844221,40.90225,38.413671,40.695577,3555810.0
2011-10-06 05:30:00,NYSE:MUR,40.480302,41.918339,40.273647,41.754748,2432070.0
2011-10-07 05:30:00,NYSE:MUR,42.219733,42.219733,40.359757,40.592254,2809061.0
2011-10-10 05:30:00,NYSE:MUR,41.59113,43.184156,41.59113,43.003334,2282611.0
2011-10-11 05:30:00,NYSE:MUR,42.546951,43.640539,42.486674,43.261673,2154477.0
2011-10-12 05:30:00,NYSE:MUR,43.804157,44.558481,43.511383,43.752491,1700355.0
2011-10-13 05:30:00,NYSE:MUR,43.244442,43.494152,41.94419,43.072222,1961774.0
2011-10-14 05:30:00,NYSE:MUR,43.976386,45.224972,43.976386,45.216352,2142085.0
2011-10-17 05:30:00,NYSE:MUR,45.052761,45.285249,44.277762,44.389705,2055986.0
2011-10-18 05:30:00,NYSE:MUR,44.441371,45.965518,43.494152,45.646902,1805292.0
2011-10-19 05:30:00,NYSE:MUR,45.164695,46.370244,45.121631,45.612467,1737006.0
2011-10-20 05:30:00,NYSE:MUR,45.664133,46.572602,44.689359,46.24107,2176621.0
2011-10-21 05:30:00,NYSE:MUR,46.947172,47.679107,46.809396,47.592997,2329711.0
2011-10-24 05:30:00,NYSE:MUR,47.61883,48.264655,47.420786,48.04938,1765203.0
2011-10-25 05:30:00,NYSE:MUR,48.066611,48.066611,46.697453,46.912728,1857742.0
2011-10-26 05:30:00,NYSE:MUR,47.868549,48.522994,46.714675,48.333543,1491469.0
2011-10-27 05:30:00,NYSE:MUR,49.616582,51.05461,49.461584,50.520737,1958254.0
2011-10-28 05:30:00,NYSE:MUR,50.271018,50.486293,49.660412,49.995466,2559406.0
2011-10-31 05:30:00,NYSE:MUR,49.323808,49.496028,47.670496,47.679107,2540026.0
2011-11-01 05:30:00,NYSE:MUR,45.853575,47.343278,45.752826,46.619954,2815222.0
2011-11-02 05:30:00,NYSE:MUR,47.403555,48.367987,47.205511,47.902993,1531434.0
2011-11-03 05:30:00,NYSE:MUR,49.056867,51.666,48.169934,49.452964,5721570.0
2011-11-04 05:30:00,NYSE:MUR,48.514374,48.962146,46.904117,47.696329,3471832.0
2011-11-07 05:30:00,NYSE:MUR,47.679107,48.187165,46.886895,47.437999,3460567.0
2011-11-08 05:30:00,NYSE:MUR,47.481054,48.161314,46.912728,48.032158,2887870.0
2011-11-09 05:30:00,NYSE:MUR,46.628556,47.10217,45.836353,45.905241,2326965.0
2011-11-10 05:30:00,NYSE:MUR,46.774961,47.3605,46.559686,46.921348,4008385.0
2011-11-11 05:30:00,NYSE:MUR,47.61883,47.946039,47.506887,47.877169,1741662.0
2011-11-14 05:30:00,NYSE:MUR,47.765217,47.920206,46.990236,47.636061,1343317.0
2011-11-15 05:30:00,NYSE:MUR,47.403555,48.191462,47.128003,47.859938,1825165.0
2011-11-16 05:30:00,NYSE:MUR,47.308834,48.712436,46.990236,47.10217,1578823.0
2011-11-17 05:30:00,NYSE:MUR,46.886895,47.171058,44.837486,45.190528,1724350.0
2011-11-18 05:30:00,NYSE:MUR,45.733021,46.464965,45.130251,45.302471,1879063.0
2011-11-21 05:30:00,NYSE:MUR,44.60498,45.121631,43.9161,44.837486,1319224.0
2011-11-22 05:30:00,NYSE:MUR,44.897754,45.044141,43.683517,43.941933,1471599.0
2011-11-23 05:30:00,NYSE:MUR,43.287497,43.48555,42.684736,43.046398,2291292.0
2011-11-25 05:30:00,NYSE:MUR,43.020565,43.399431,42.538331,42.572784,702502.0
2011-11-28 05:30:00,NYSE:MUR,43.898878,45.423025,43.769713,45.199148,2363135.0
2011-11-29 05:30:00,NYSE:MUR,45.414423,46.081767,45.087196,45.595245,1801656.0
2011-11-30 05:30:00,NYSE:MUR,47.257168,48.47131,47.18828,48.152712,1886874.0
2011-12-01 05:30:00,NYSE:MUR,47.980492,48.419653,47.524109,47.661894,1344359.0
2011-12-02 05:30:00,NYSE:MUR,48.307719,48.385209,47.059106,47.171058,1645606.0
2011-12-05 05:30:00,NYSE:MUR,48.204378,48.746871,47.386333,47.696329,2215166.0
2011-12-06 05:30:00,NYSE:MUR,47.920206,48.066611,46.663009,47.636061,2686512.0
2011-12-07 05:30:00,NYSE:MUR,47.472443,47.980492,47.059106,47.730764,1816874.0
2011-12-08 05:30:00,NYSE:MUR,47.498276,47.575775,46.06885,46.232459,1474762.0
2011-12-09 05:30:00,NYSE:MUR,46.508002,47.239946,46.456345,46.973005,1359231.0
2011-12-12 05:30:00,NYSE:MUR,46.24969,46.275523,44.95804,45.655522,1509072.0
2011-12-13 05:30:00,NYSE:MUR,46.413281,47.412166,45.474691,45.879408,2362349.0
2011-12-14 05:30:00,NYSE:MUR,45.268036,45.534968,44.20896,44.34665,1833900.0
2011-12-15 05:30:00,NYSE:MUR,45.03553,45.223672,44.019432,44.148597,1652567.0
2011-12-16 05:30:00,NYSE:MUR,44.59636,45.012969,44.183041,44.940809,2376422.0
2011-12-19 05:30:00,NYSE:MUR,45.328304,45.46608,43.639687,43.786944,1540798.0
2011-12-20 05:30:00,NYSE:MUR,44.803033,45.88801,44.759978,45.655522,1708813.0
2011-12-21 05:30:00,NYSE:MUR,46.008564,47.239946,45.793289,47.10217,1915937.0
2011-12-22 05:30:00,NYSE:MUR,47.351898,48.557429,47.162447,48.462708,1796759.0
2011-12-23 05:30:00,NYSE:MUR,48.82437,48.91048,48.083824,48.505763,1175499.0
2011-12-27 05:30:00,NYSE:MUR,48.514374,48.987979,48.367987,48.677983,776039.0
2011-12-28 05:30:00,NYSE:MUR,48.789926,48.858823,47.308834,47.463832,944754.0
2011-12-29 05:30:00,NYSE:MUR,47.679107,48.006325,47.257168,47.96327,960612.0
2011-12-30 05:30:00,NYSE:MUR,47.96327,48.247433,47.79105,47.997723,790756.0
2012-01-03 05:30:00,NYSE:MUR,49.384094,50.279629,48.970757,50.038521,1751328.0
2012-01-04 05:30:00,NYSE:MUR,49.702692,49.831857,48.8589,49.504648,1930809.0
2012-01-05 05:30:00,NYSE:MUR,48.962146,49.177421,48.39382,48.987979,1705143.0
2012-01-06 05:30:00,NYSE:MUR,48.953544,49.124119,48.522994,48.83299,1215520.0
2012-01-09 05:30:00,NYSE:MUR,48.996581,49.039645,48.557429,48.858823,1194621.0
2012-01-10 05:30:00,NYSE:MUR,49.780191,51.149331,49.547685,50.97712,3510854.0
2012-01-11 05:30:00,NYSE:MUR,50.684346,51.097674,50.11602,50.761845,2326942.0
2012-01-12 05:30:00,NYSE:MUR,50.787678,51.097674,50.210741,50.460469,1322344.0
2012-01-13 05:30:00,NYSE:MUR,49.995466,50.598227,49.203254,50.589625,2019139.0
2012-01-17 05:30:00,NYSE:MUR,51.183784,51.648778,50.598227,50.813502,1748029.0
2012-01-18 05:30:00,NYSE:MUR,50.779067,52.372111,50.62406,52.311825,1735515.0
2012-01-19 05:30:00,NYSE:MUR,52.449601,52.78543,51.92433,52.001829,1777265.0
2012-01-20 05:30:00,NYSE:MUR,51.975996,52.329047,51.666,52.113772,1929543.0
2012-01-23 05:30:00,NYSE:MUR,52.26877,53.000705,52.122383,52.509878,1457740.0
2012-01-24 05:30:00,NYSE:MUR,51.614334,51.84684,51.194117,51.424892,1929832.0
2012-01-25 05:30:00,NYSE:MUR,51.166562,52.449601,50.167677,52.225706,2457937.0
2012-01-26 05:30:00,NYSE:MUR,53.190147,55.54095,51.149331,53.310701,6879886.0
2012-01-27 05:30:00,NYSE:MUR,53.000705,53.396802,52.595988,52.888762,2361499.0
2012-01-30 05:30:00,NYSE:MUR,52.363491,52.363491,51.037397,51.48516,2580543.0
2012-01-31 05:30:00,NYSE:MUR,52.122383,52.122383,50.615458,51.321569,2539947.0
2012-02-01 05:30:00,NYSE:MUR,52.139605,52.139605,51.071841,51.089063,2036355.0
2012-02-02 05:30:00,NYSE:MUR,51.269885,51.812387,50.822122,51.183784,1873816.0
2012-02-03 05:30:00,NYSE:MUR,51.864053,52.77681,51.424892,52.750977,1945481.0
2012-02-06 05:30:00,NYSE:MUR,52.475434,53.21598,52.174049,53.164323,948896.0
2012-02-07 05:30:00,NYSE:MUR,52.880151,53.448486,52.372111,53.310701,1179440.0
2012-02-08 05:30:00,NYSE:MUR,53.241813,53.491532,52.156836,52.69932,1598412.0
2012-02-09 05:30:00,NYSE:MUR,52.897364,53.017936,52.036264,52.845707,1425016.0
2012-02-10 05:30:00,NYSE:MUR,51.975996,52.303223,51.424892,52.062115,1302034.0
2012-02-13 05:30:00,NYSE:MUR,52.5271,52.810316,51.975996,52.466814,1019973.0
2012-02-14 05:30:00,NYSE:MUR,52.639043,53.327914,52.297186,53.172925,1933026.0
2012-02-15 05:30:00,NYSE:MUR,53.3882,54.232078,53.017936,53.939304,1990560.0
2012-02-16 05:30:00,NYSE:MUR,53.732631,54.326799,53.284868,53.930693,1786692.0
2012-02-17 05:30:00,NYSE:MUR,54.335419,54.550694,53.758464,53.982359,1661800.0
2012-02-21 05:30:00,NYSE:MUR,54.516241,54.559296,53.861805,54.06846,1728194.0
2012-02-22 05:30:00,NYSE:MUR,53.939304,54.2493,53.672363,54.008192,1918253.0
2012-02-23 05:30:00,NYSE:MUR,54.145968,55.334277,53.950326,55.213732,1615381.0
2012-02-24 05:30:00,NYSE:MUR,55.213732,55.807891,55.1104,55.764827,2006643.0
2012-02-27 05:30:00,NYSE:MUR,55.36011,55.782058,54.826237,55.403174,1705559.0
2012-02-28 05:30:00,NYSE:MUR,55.584005,56.488169,55.420396,55.747623,1991039.0
2012-02-29 05:30:00,NYSE:MUR,55.420396,55.71317,54.895125,55.058734,3602271.0
2012-03-01 05:30:00,NYSE:MUR,55.153455,55.566783,54.362362,55.429007,2573320.0
2012-03-02 05:30:00,NYSE:MUR,55.127622,55.127622,53.233211,53.551809,3211314.0
2012-03-05 05:30:00,NYSE:MUR,53.56042,53.715418,52.148216,52.535702,2929084.0
2012-03-06 05:30:00,NYSE:MUR,51.734888,51.777943,51.114896,51.373226,2228456.0
2012-03-07 05:30:00,NYSE:MUR,51.48516,51.786554,51.114896,51.459327,1584363.0
2012-03-08 05:30:00,NYSE:MUR,52.010431,52.380713,51.554057,52.105152,1615185.0
2012-03-09 05:30:00,NYSE:MUR,52.130985,52.914595,51.958774,52.001829,1318325.0
2012-03-12 05:30:00,NYSE:MUR,51.726286,51.872673,50.072956,50.227963,2886211.0
2012-03-13 05:30:00,NYSE:MUR,50.451849,50.994342,49.995466,50.882399,2931967.0
2012-03-14 05:30:00,NYSE:MUR,50.968509,50.968509,49.668239,49.823246,2727286.0
2012-03-15 05:30:00,NYSE:MUR,50.107409,50.537959,49.651026,50.176297,1442659.0
2012-03-16 05:30:00,NYSE:MUR,50.219361,50.761845,50.042835,50.520737,2335109.0
2012-03-19 05:30:00,NYSE:MUR,50.400183,51.614334,50.236574,51.528224,2535985.0
2012-03-20 05:30:00,NYSE:MUR,50.97712,50.97712,49.840468,49.892134,1866978.0
2012-03-21 05:30:00,NYSE:MUR,49.857681,50.19351,49.478815,49.745747,2513630.0
2012-03-22 05:30:00,NYSE:MUR,49.151588,49.297975,47.704931,48.066611,2988779.0
2012-03-23 05:30:00,NYSE:MUR,48.144101,49.33241,48.144101,49.229087,2320796.0
2012-03-26 05:30:00,NYSE:MUR,49.521852,49.754358,48.867425,49.435751,1534131.0
2012-03-27 05:30:00,NYSE:MUR,49.487417,49.556305,48.65215,48.772704,2370099.0
2012-03-28 05:30:00,NYSE:MUR,48.686585,48.695205,47.584377,48.109657,1166080.0
2012-03-29 05:30:00,NYSE:MUR,47.661894,48.2216,46.89585,48.169934,1858325.0
2012-03-30 05:30:00,NYSE:MUR,48.686585,48.712436,47.894382,48.454097,1505286.0
2012-04-02 05:30:00,NYSE:MUR,48.367987,49.651026,48.161314,49.186032,1700723.0
2012-04-03 05:30:00,NYSE:MUR,48.936313,48.996581,47.412166,47.885771,2853863.0
2012-04-04 05:30:00,NYSE:MUR,47.334667,47.609358,46.774961,47.016069,3310370.0
2012-04-05 05:30:00,NYSE:MUR,46.766341,47.136623,46.111905,46.335791,2391770.0
2012-04-09 05:30:00,NYSE:MUR,45.293869,46.206626,45.147464,45.784687,2073442.0
2012-04-10 05:30:00,NYSE:MUR,45.784687,45.913861,44.673868,44.759978,2047676.0
2012-04-11 05:30:00,NYSE:MUR,45.423025,45.81914,44.648044,44.708312,1579394.0
2012-04-12 05:30:00,NYSE:MUR,44.751367,46.266903,44.742765,46.025795,2560660.0
2012-04-13 05:30:00,NYSE:MUR,45.767456,45.965518,45.345526,45.431627,1938173.0
2012-04-16 05:30:00,NYSE:MUR,45.595245,45.758854,44.682479,44.785802,1461465.0
2012-04-17 05:30:00,NYSE:MUR,45.147464,46.111905,45.147464,46.017184,2072621.0
2012-04-18 05:30:00,NYSE:MUR,45.913861,46.094683,45.552181,45.948296,1990256.0
2012-04-19 05:30:00,NYSE:MUR,45.956907,46.835229,45.776076,46.4994,2864828.0
2012-04-20 05:30:00,NYSE:MUR,46.697453,47.059106,45.965518,46.120516,2374657.0
2012-04-23 05:30:00,NYSE:MUR,45.095807,45.689966,44.699701,45.586634,2489817.0
2012-04-24 05:30:00,NYSE:MUR,45.500524,45.784687,45.199148,45.560801,1845882.0
2012-04-25 05:30:00,NYSE:MUR,45.948296,46.180793,45.250805,46.137738,1468958.0
2012-04-26 05:30:00,NYSE:MUR,46.017184,47.136623,45.81052,47.033282,1235146.0
2012-04-27 05:30:00,NYSE:MUR,47.093559,47.205511,46.533835,46.886895,1057390.0
2012-04-30 05:30:00,NYSE:MUR,46.843831,47.369102,46.525233,47.334667,1377880.0
2012-05-01 05:30:00,NYSE:MUR,47.317445,48.626317,47.145225,48.144101,2408571.0
2012-05-02 05:30:00,NYSE:MUR,47.704931,47.97189,47.119392,47.61021,2801534.0
2012-05-03 05:30:00,NYSE:MUR,46.809396,47.343278,44.045256,44.622211,5743076.0
2012-05-04 05:30:00,NYSE:MUR,43.984988,44.139977,42.753606,43.795546,4387006.0
2012-05-07 05:30:00,NYSE:MUR,43.718047,44.09694,43.31333,43.502772,2531989.0
2012-05-08 05:30:00,NYSE:MUR,42.986112,43.330561,42.271399,43.192776,2998141.0
2012-05-09 05:30:00,NYSE:MUR,42.478063,43.106666,42.081957,42.503896,3590149.0
2012-05-10 05:30:00,NYSE:MUR,43.003334,43.175554,42.254186,42.383342,2282357.0
2012-05-11 05:30:00,NYSE:MUR,42.107781,42.521118,41.573908,41.634194,3054083.0
2012-05-14 05:30:00,NYSE:MUR,41.005582,41.272514,40.402812,40.463098,2731177.0
2012-05-15 05:30:00,NYSE:MUR,40.514755,41.005582,40.015317,40.153093,3741077.0
2012-05-16 05:30:00,NYSE:MUR,40.402812,41.143358,40.04115,40.230592,2650581.0
2012-05-17 05:30:00,NYSE:MUR,40.316711,40.695577,39.808653,39.86031,1526535.0
2012-05-18 05:30:00,NYSE:MUR,40.135871,40.592254,39.645035,39.86031,2265524.0
2012-05-21 05:30:00,NYSE:MUR,39.886161,40.962536,39.731154,40.781696,2493609.0
2012-05-22 05:30:00,NYSE:MUR,40.833362,41.272514,40.058372,40.308091,1864575.0
2012-05-23 05:30:00,NYSE:MUR,39.955031,40.678373,39.326437,40.583643,1914725.0
2012-05-24 05:30:00,NYSE:MUR,40.816131,40.816131,40.032548,40.73003,1612612.0
2012-05-25 05:30:00,NYSE:MUR,40.463098,41.289745,40.463098,41.048637,1327140.0
2012-05-29 05:30:00,NYSE:MUR,41.522242,42.116401,41.410299,41.840849,1694273.0
2012-05-30 05:30:00,NYSE:MUR,41.220857,41.220857,40.265027,40.557819,1854429.0
2012-05-31 05:30:00,NYSE:MUR,40.514755,40.618087,39.558934,40.144482,3483738.0
2012-06-01 05:30:00,NYSE:MUR,39.309206,39.395325,38.818388,38.92172,2525055.0
2012-06-04 05:30:00,NYSE:MUR,38.861443,39.102551,38.034787,38.758102,2548379.0
2012-06-05 05:30:00,NYSE:MUR,38.603113,39.515879,38.49979,39.223105,1486967.0
2012-06-06 05:30:00,NYSE:MUR,39.696719,40.557819,39.662266,40.402812,1911572.0
2012-06-07 05:30:00,NYSE:MUR,41.315578,41.384466,39.472824,39.541712,3759847.0
2012-06-08 05:30:00,NYSE:MUR,39.223105,39.696719,38.913109,39.43838,1913265.0
2012-06-11 05:30:00,NYSE:MUR,39.972262,39.998095,38.387838,38.439504,2014817.0
2012-06-12 05:30:00,NYSE:MUR,39.068107,39.188652,38.456726,39.016441,1951019.0
2012-06-13 05:30:00,NYSE:MUR,38.7495,39.042274,38.026176,38.163961,1482169.0
2012-06-14 05:30:00,NYSE:MUR,38.181174,38.732278,37.957288,38.362005,1951559.0
2012-06-15 05:30:00,NYSE:MUR,38.422282,39.343659,38.275895,39.326437,2127719.0
2012-06-18 05:30:00,NYSE:MUR,39.076718,39.102551,38.628946,38.723667,2076128.0
2012-06-19 05:30:00,NYSE:MUR,38.904489,39.567545,38.904489,39.266169,1396917.0
2012-06-20 05:30:00,NYSE:MUR,39.188652,39.817273,38.887276,39.266169,2481309.0
2012-06-21 05:30:00,NYSE:MUR,39.378103,39.395325,37.513822,37.587006,3547262.0
2012-06-22 05:30:00,NYSE:MUR,37.853965,38.594511,37.587006,38.379236,3112765.0
2012-06-25 05:30:00,NYSE:MUR,37.802281,37.974519,37.27701,37.853965,2459785.0
2012-06-26 05:30:00,NYSE:MUR,37.810901,38.258664,37.591321,38.052009,2122298.0
2012-06-27 05:30:00,NYSE:MUR,38.327552,40.006715,38.31895,39.955031,3079153.0
2012-06-28 05:30:00,NYSE:MUR,39.662266,41.625574,39.231716,41.556677,4468085.0
2012-06-29 05:30:00,NYSE:MUR,42.176678,43.364996,41.94419,43.30471,4248858.0
2012-07-02 05:30:00,NYSE:MUR,43.270275,43.390829,42.426397,43.364996,2237879.0
2012-07-03 05:30:00,NYSE:MUR,43.718047,44.441371,43.614706,44.424149,1560199.0
2012-07-05 05:30:00,NYSE:MUR,44.08832,44.148597,43.314182,43.683603,1792103.0
2012-07-06 05:30:00,NYSE:MUR,43.046398,43.571669,42.856947,43.244442,1635409.0
2012-07-09 05:30:00,NYSE:MUR,43.080833,43.23584,42.555562,43.003334,2185149.0
2012-07-10 05:30:00,NYSE:MUR,43.390829,43.390829,41.737517,42.02168,1975052.0
2012-07-11 05:30:00,NYSE:MUR,42.314454,43.287497,42.314454,42.986112,2217682.0
2012-07-12 05:30:00,NYSE:MUR,42.331676,42.693338,42.073346,42.348889,2427330.0
2012-07-13 05:30:00,NYSE:MUR,42.658885,43.055,42.565379,42.856947,1262214.0
2012-07-16 05:30:00,NYSE:MUR,42.710569,43.683603,42.633052,43.451115,1856715.0
2012-07-17 05:30:00,NYSE:MUR,43.640539,43.959155,43.029167,43.614706,2695206.0
2012-07-18 05:30:00,NYSE:MUR,43.382218,44.062487,43.244442,44.062487,1606557.0
2012-07-19 05:30:00,NYSE:MUR,44.217494,44.725534,43.984988,44.630813,1848143.0
2012-07-20 05:30:00,NYSE:MUR,44.338048,44.699701,43.984988,44.579147,2202797.0
2012-07-23 05:30:00,NYSE:MUR,43.399431,44.95804,43.356394,44.691081,4166115.0
2012-07-24 05:30:00,NYSE:MUR,44.691081,44.759978,43.347774,43.838601,3015077.0
2012-07-25 05:30:00,NYSE:MUR,44.16581,44.648044,43.9161,44.372483,3142986.0
2012-07-26 05:30:00,NYSE:MUR,45.052761,45.534968,44.673868,45.45746,2514889.0
2012-07-27 05:30:00,NYSE:MUR,45.733021,46.921348,45.259416,46.75773,2953176.0
2012-07-30 05:30:00,NYSE:MUR,46.663009,47.024671,46.464965,46.938552,2322674.0
2012-07-31 05:30:00,NYSE:MUR,46.878284,47.041893,46.198006,46.206626,3004755.0
2012-08-01 05:30:00,NYSE:MUR,46.663009,47.351898,46.06885,46.843831,3907099.0
2012-08-02 05:30:00,NYSE:MUR,46.32718,46.981616,45.491913,46.4994,5411206.0
2012-08-03 05:30:00,NYSE:MUR,47.592997,48.251739,47.386333,47.54134,2597650.0
2012-08-06 05:30:00,NYSE:MUR,47.653274,47.937437,46.964385,47.041893,3315004.0
2012-08-07 05:30:00,NYSE:MUR,47.455221,48.144101,47.455221,47.558553,2386259.0
2012-08-08 05:30:00,NYSE:MUR,47.222724,47.808272,46.947172,47.601608,1847704.0
2012-08-09 05:30:00,NYSE:MUR,47.429388,48.2216,47.351898,47.455221,1747827.0
2012-08-10 05:30:00,NYSE:MUR,47.059106,47.351898,46.697453,47.326065,1721044.0
2012-08-13 05:30:00,NYSE:MUR,47.300214,47.369102,46.31856,46.68024,1235544.0
2012-08-14 05:30:00,NYSE:MUR,46.990236,47.016069,46.452048,46.551066,1195330.0
2012-08-15 05:30:00,NYSE:MUR,46.284125,46.921348,46.120516,46.74911,1339850.0
2012-08-16 05:30:00,NYSE:MUR,46.886895,47.528423,46.792174,47.171058,1589266.0
2012-08-17 05:30:00,NYSE:MUR,47.274381,47.334667,46.628556,47.18828,1606242.0
2012-08-20 05:30:00,NYSE:MUR,47.136623,47.3605,46.904117,47.050504,1289059.0
2012-08-21 05:30:00,NYSE:MUR,47.300214,47.877169,47.18828,47.3605,1229566.0
2012-08-22 05:30:00,NYSE:MUR,47.222724,47.231344,46.094683,46.344411,2437272.0
2012-08-23 05:30:00,NYSE:MUR,46.284125,46.31875,45.285249,45.328304,1511400.0
2012-08-24 05:30:00,NYSE:MUR,45.311082,45.629698,44.828866,45.397192,1144397.0
2012-08-27 05:30:00,NYSE:MUR,45.405803,45.595245,45.121631,45.224972,1145790.0
2012-08-28 05:30:00,NYSE:MUR,45.121631,45.603865,44.759978,45.483311,1757196.0
2012-08-29 05:30:00,NYSE:MUR,45.603865,45.603865,44.561925,44.880532,1482279.0
2012-08-30 05:30:00,NYSE:MUR,44.630813,44.699701,43.769713,43.993599,1471700.0
2012-08-31 05:30:00,NYSE:MUR,44.467204,44.561925,43.924702,44.200263,1036384.0
2012-09-04 05:30:00,NYSE:MUR,44.243318,44.312215,43.563049,44.114153,1360718.0
2012-09-05 05:30:00,NYSE:MUR,44.131375,44.208874,43.080833,43.080833,2143662.0
2012-09-06 05:30:00,NYSE:MUR,43.511383,44.863319,43.48555,44.260531,2031495.0
2012-09-07 05:30:00,NYSE:MUR,44.320817,45.190528,44.269151,45.052761,1060788.0
2012-09-10 05:30:00,NYSE:MUR,45.069974,45.793289,45.027875,45.336906,1256384.0
2012-09-11 05:30:00,NYSE:MUR,45.431627,45.767456,45.364289,45.526357,1315028.0
2012-09-12 05:30:00,NYSE:MUR,45.698586,45.81914,45.250805,45.526357,1030930.0
2012-09-13 05:30:00,NYSE:MUR,45.724419,47.472443,45.2465,47.308834,2003312.0
2012-09-14 05:30:00,NYSE:MUR,47.61883,48.858823,47.3605,48.428273,2371808.0
2012-09-17 05:30:00,NYSE:MUR,48.299099,48.531596,47.61883,47.902993,1281564.0
2012-09-18 05:30:00,NYSE:MUR,47.765217,47.868549,46.938552,47.222724,1577452.0
2012-09-19 05:30:00,NYSE:MUR,47.205511,47.239946,46.439114,46.594121,1202671.0
2012-09-20 05:30:00,NYSE:MUR,46.198006,47.041893,45.733021,46.878284,1398029.0
2012-09-21 05:30:00,NYSE:MUR,47.429388,47.997723,47.252863,47.902993,3414947.0
2012-09-24 05:30:00,NYSE:MUR,47.472443,47.946039,47.343278,47.463832,1712000.0
2012-09-25 05:30:00,NYSE:MUR,47.713551,47.808272,46.809396,46.809396,1245487.0
2012-09-26 05:30:00,NYSE:MUR,46.611343,46.68024,45.46608,45.672735,1501453.0
2012-09-27 05:30:00,NYSE:MUR,45.844973,46.740508,45.6383,46.533835,2097400.0
2012-09-28 05:30:00,NYSE:MUR,46.266903,46.482178,45.913861,46.232459,1612489.0
2012-10-01 05:30:00,NYSE:MUR,46.619954,47.369102,46.516622,47.3605,2174577.0
2012-10-02 05:30:00,NYSE:MUR,47.687718,48.161314,47.257168,48.135481,1910572.0
2012-10-03 05:30:00,NYSE:MUR,49.0827,50.503506,47.171058,50.12464,9080754.0
2012-10-04 05:30:00,NYSE:MUR,50.658513,51.48516,49.711734,50.314064,7416545.0
2012-10-05 05:30:00,NYSE:MUR,50.494904,50.959889,50.141853,50.331295,2816546.0
2012-10-08 05:30:00,NYSE:MUR,50.047132,50.271018,49.745747,49.986855,1497606.0
2012-10-09 05:30:00,NYSE:MUR,50.11602,50.744614,49.814644,49.831857,1858382.0
2012-10-10 05:30:00,NYSE:MUR,49.651026,50.301148,49.151588,49.177421,1620383.0
2012-10-11 05:30:00,NYSE:MUR,49.69409,50.642152,49.69409,50.279629,2340674.0
2012-10-12 05:30:00,NYSE:MUR,50.11602,50.589625,49.745747,50.54657,2551416.0
2012-10-15 05:30:00,NYSE:MUR,50.400183,50.856566,49.642406,50.8049,1829163.0
2012-10-16 05:30:00,NYSE:MUR,54.206245,55.894001,53.241813,54.886523,10688413.0
2012-10-17 05:30:00,NYSE:MUR,54.869292,54.92956,53.732631,53.99097,5193997.0
2012-10-18 05:30:00,NYSE:MUR,53.775695,54.447353,53.775695,54.43014,3333971.0
2012-10-19 05:30:00,NYSE:MUR,54.128746,54.576518,53.327914,53.56042,2976685.0
2012-10-22 05:30:00,NYSE:MUR,53.56042,54.189014,52.845707,53.724029,3155278.0
2012-10-23 05:30:00,NYSE:MUR,52.656256,52.819874,51.803776,52.130985,3308262.0
2012-10-24 05:30:00,NYSE:MUR,52.285992,52.750977,51.769332,51.812387,2286438.0
2012-10-25 05:30:00,NYSE:MUR,52.380713,52.535702,51.364606,51.536844,2849399.0
2012-10-26 05:30:00,NYSE:MUR,51.390439,51.958774,51.184636,51.502391,2494880.0
2012-10-31 05:30:00,NYSE:MUR,53.198758,53.370978,51.424892,51.666,3445267.0
2012-11-01 05:30:00,NYSE:MUR,51.666,52.09655,51.183784,51.666,3251140.0
2012-11-02 05:30:00,NYSE:MUR,51.812387,52.501267,50.908232,51.106294,6163991.0
2012-11-05 05:30:00,NYSE:MUR,50.856566,51.614334,50.710179,51.519613,2459684.0
2012-11-06 05:30:00,NYSE:MUR,51.648778,52.634738,51.519613,52.27739,3417594.0
2012-11-07 05:30:00,NYSE:MUR,51.545446,51.545446,50.598227,50.822122,1973857.0
2012-11-08 05:30:00,NYSE:MUR,50.727401,51.269885,49.917967,49.961022,6407388.0
2012-11-09 05:30:00,NYSE:MUR,49.676859,50.753234,49.633804,50.262407,6052201.0
2012-11-12 05:30:00,NYSE:MUR,50.434636,50.692957,50.20213,50.426016,2128288.0
2012-11-13 05:30:00,NYSE:MUR,49.806024,50.486293,49.220476,49.280753,2048004.0
2012-11-14 05:30:00,NYSE:MUR,47.128003,47.920206,47.128003,47.334667,3506230.0
2012-11-15 05:30:00,NYSE:MUR,47.326065,47.696329,47.171058,47.549942,2976394.0
2012-11-16 05:30:00,NYSE:MUR,47.53272,48.583262,47.178033,48.419653,3507322.0
2012-11-19 05:30:00,NYSE:MUR,49.25492,50.365748,48.82437,49.68547,2867161.0
2012-11-20 05:30:00,NYSE:MUR,49.564916,49.806024,49.375474,49.659637,1399796.0
2012-11-21 05:30:00,NYSE:MUR,49.642406,49.823246,49.384094,49.539083,1497394.0
2012-11-23 05:30:00,NYSE:MUR,49.900745,50.322684,49.547685,50.296851,552694.0
2012-11-26 05:30:00,NYSE:MUR,49.900745,50.055743,49.539083,49.840468,1545067.0
2012-11-27 05:30:00,NYSE:MUR,49.676859,49.879217,49.074098,49.125755,1804776.0
2012-11-28 05:30:00,NYSE:MUR,48.789926,49.582138,48.522994,49.582138,2221751.0
2012-11-29 05:30:00,NYSE:MUR,49.969633,50.055743,49.013812,49.160199,1210515.0
2012-11-30 05:30:00,NYSE:MUR,49.556305,49.814644,48.548818,48.858823,1854417.0
2012-12-03 05:30:00,NYSE:MUR,49.306577,49.465898,48.290488,48.342154,1425058.0
2012-12-04 05:30:00,NYSE:MUR,48.092444,48.350756,47.648977,47.877169,1614669.0
2012-12-05 05:30:00,NYSE:MUR,48.075213,48.548818,47.920206,48.359376,2012896.0
2012-12-06 05:30:00,NYSE:MUR,48.204378,48.40244,47.96327,48.247433,1713423.0
2012-12-07 05:30:00,NYSE:MUR,48.428273,48.591864,48.092444,48.230202,1319601.0
2012-12-10 05:30:00,NYSE:MUR,48.264655,48.781306,48.135481,48.746871,1723893.0
2012-12-11 05:30:00,NYSE:MUR,48.996581,49.51325,48.858823,49.306577,2329267.0
2012-12-12 05:30:00,NYSE:MUR,49.409918,50.886705,49.409918,50.451849,2625929.0
2012-12-13 05:30:00,NYSE:MUR,50.12464,50.856566,49.833571,50.856566,3591220.0
2012-12-14 05:30:00,NYSE:MUR,50.537959,51.218228,50.408785,51.114896,2787657.0
2012-12-17 05:30:00,NYSE:MUR,51.201015,51.717666,51.05461,51.691833,3358069.0
2012-12-18 05:30:00,NYSE:MUR,51.614334,53.259044,51.089063,52.923215,7026917.0
2012-12-19 05:30:00,NYSE:MUR,52.880151,52.949048,51.993218,52.044884,4919643.0
2012-12-20 05:30:00,NYSE:MUR,52.09655,52.914595,51.709055,52.905984,3761374.0
2012-12-21 05:30:00,NYSE:MUR,52.242937,52.320427,51.433503,52.001829,5580661.0
2012-12-24 05:30:00,NYSE:MUR,52.156836,52.397944,51.511011,51.597112,657741.0
2012-12-26 05:30:00,NYSE:MUR,51.898497,52.053495,51.347393,51.41629,1274777.0
2012-12-27 05:30:00,NYSE:MUR,51.450725,51.48361,50.55519,51.209617,3487140.0
2012-12-28 05:30:00,NYSE:MUR,50.908232,51.140729,50.339915,50.357128,1514944.0
2012-12-31 05:30:00,NYSE:MUR,50.400183,51.336199,50.210741,51.278505,1750120.0
2013-01-02 05:30:00,NYSE:MUR,52.311825,52.320427,51.588501,52.165438,1593545.0
2013-01-03 05:30:00,NYSE:MUR,52.062115,53.078204,51.917527,52.363491,1333193.0
2013-01-04 05:30:00,NYSE:MUR,52.337658,52.828494,52.303223,52.466814,925977.0
2013-01-07 05:30:00,NYSE:MUR,52.26877,52.285992,51.622945,51.84684,1165677.0
2013-01-08 05:30:00,NYSE:MUR,51.622945,51.812387,51.390439,51.769332,2115195.0
2013-01-09 05:30:00,NYSE:MUR,51.760721,51.984607,51.476558,51.648778,1965232.0
2013-01-10 05:30:00,NYSE:MUR,52.070717,52.311825,51.502391,52.260159,1310951.0
2013-01-11 05:30:00,NYSE:MUR,52.294603,52.750977,52.113772,52.682089,1394415.0
2013-01-14 05:30:00,NYSE:MUR,52.613219,53.224591,52.613219,52.819874,1564231.0
2013-01-15 05:30:00,NYSE:MUR,52.492665,53.327914,52.399666,53.181527,1558175.0
2013-01-16 05:30:00,NYSE:MUR,52.931817,53.362367,52.639043,53.112639,1378561.0
2013-01-17 05:30:00,NYSE:MUR,53.3882,53.474319,52.949048,53.20736,2018039.0
2013-01-18 05:30:00,NYSE:MUR,53.233211,53.3882,52.509878,52.811263,2060392.0
2013-01-22 05:30:00,NYSE:MUR,52.897364,53.284868,52.449601,53.13849,1385027.0
2013-01-23 05:30:00,NYSE:MUR,53.026538,53.21598,52.561535,52.931817,817500.0
2013-01-24 05:30:00,NYSE:MUR,53.12987,53.810148,52.819874,52.940428,2832950.0
2013-01-25 05:30:00,NYSE:MUR,53.336534,53.465699,53.035149,53.20736,1227331.0
2013-01-28 05:30:00,NYSE:MUR,53.525976,53.525976,52.613219,52.966252,1542032.0
2013-01-29 05:30:00,NYSE:MUR,53.370978,55.050114,53.043769,54.946791,2855643.0
2013-01-30 05:30:00,NYSE:MUR,54.981244,55.196424,53.99959,54.111524,2348910.0
2013-01-31 05:30:00,NYSE:MUR,53.224591,53.56042,51.149331,51.252672,4880911.0
2013-02-01 05:30:00,NYSE:MUR,51.674602,52.242937,51.149331,51.92433,3932094.0
2013-02-04 05:30:00,NYSE:MUR,51.597112,51.975996,50.968509,51.089063,1871276.0
2013-02-05 05:30:00,NYSE:MUR,51.442123,51.950163,51.40767,51.734888,1575780.0
2013-02-06 05:30:00,NYSE:MUR,51.356004,52.260159,51.06323,51.92433,1336771.0
2013-02-07 05:30:00,NYSE:MUR,51.84684,51.898497,51.199275,51.554057,1598468.0
2013-02-08 05:30:00,NYSE:MUR,51.666,51.864053,51.44642,51.726286,2156477.0
2013-02-11 05:30:00,NYSE:MUR,51.743499,52.001829,51.579881,51.691833,1291740.0
2013-02-12 05:30:00,NYSE:MUR,51.752119,52.156836,51.49378,51.752119,1304942.0
2013-02-13 05:30:00,NYSE:MUR,51.881275,52.27739,51.605714,51.734888,1371350.0
2013-02-14 05:30:00,NYSE:MUR,51.41629,52.130985,51.175164,51.941561,1610128.0
2013-02-15 05:30:00,NYSE:MUR,52.285992,53.267646,52.242937,52.828494,2605587.0
2013-02-19 05:30:00,NYSE:MUR,53.000705,53.629308,53.000705,53.379598,1343094.0
2013-02-20 05:30:00,NYSE:MUR,53.233211,53.422635,52.595988,52.966252,2833640.0
2013-02-21 05:30:00,NYSE:MUR,52.587386,52.888762,52.070717,52.561535,2214863.0
2013-02-22 05:30:00,NYSE:MUR,52.742375,53.181527,52.484045,53.112639,1292674.0
2013-02-25 05:30:00,NYSE:MUR,53.336534,53.801278,51.743499,51.760721,1636309.0
2013-02-26 05:30:00,NYSE:MUR,52.09655,52.458212,51.536844,52.208493,1465227.0
2013-02-27 05:30:00,NYSE:MUR,51.92433,52.983483,51.92433,52.578766,1166939.0
2013-02-28 05:30:00,NYSE:MUR,52.535702,52.845707,52.079328,52.423768,1351486.0
2013-03-01 05:30:00,NYSE:MUR,52.027662,52.578766,51.562668,52.010431,1891071.0
2013-03-04 05:30:00,NYSE:MUR,52.079328,52.148216,51.614334,51.984607,1906074.0
2013-03-05 05:30:00,NYSE:MUR,52.26877,52.70794,52.053495,52.363491,1183033.0
2013-03-06 05:30:00,NYSE:MUR,52.458212,53.099723,52.372111,52.819874,1655596.0
2013-03-07 05:30:00,NYSE:MUR,52.914595,53.250424,52.591683,52.983483,1007540.0
2013-03-08 05:30:00,NYSE:MUR,53.172925,53.861805,52.742375,53.63791,1435405.0
2013-03-11 05:30:00,NYSE:MUR,53.482921,53.556976,52.837096,53.181527,1607582.0
2013-03-12 05:30:00,NYSE:MUR,53.310701,53.965137,53.060982,53.112639,1565191.0
2013-03-13 05:30:00,NYSE:MUR,53.069593,53.241813,52.750977,52.845707,1278674.0
2013-03-14 05:30:00,NYSE:MUR,52.983483,53.13849,52.742375,53.095426,2009879.0
2013-03-15 05:30:00,NYSE:MUR,52.905984,53.672363,52.837096,53.508754,2281486.0
2013-03-18 05:30:00,NYSE:MUR,52.888762,53.465699,52.802661,53.327914,1336581.0
2013-03-19 05:30:00,NYSE:MUR,53.362367,53.362367,52.010431,52.458212,1759154.0
2013-03-20 05:30:00,NYSE:MUR,52.794041,53.500143,52.639043,53.250424,1316559.0
2013-03-21 05:30:00,NYSE:MUR,52.966252,53.319312,52.518498,52.768208,1441139.0
2013-03-22 05:30:00,NYSE:MUR,52.949048,53.259044,52.794041,53.13849,1376779.0
2013-03-25 05:30:00,NYSE:MUR,53.198758,53.508754,53.026538,53.414033,1371383.0
2013-03-26 05:30:00,NYSE:MUR,53.775695,54.800404,53.732631,54.757349,1821287.0
2013-03-27 05:30:00,NYSE:MUR,54.593731,54.981244,54.163181,54.93818,1457982.0
2013-03-28 05:30:00,NYSE:MUR,54.92956,55.015679,54.542074,54.877903,1616035.0
2013-04-01 05:30:00,NYSE:MUR,54.826237,54.981244,54.214865,54.49901,1124203.0
2013-04-02 05:30:00,NYSE:MUR,54.628184,54.895125,54.223467,54.42152,915787.0
2013-04-03 05:30:00,NYSE:MUR,54.412909,54.729363,53.861805,54.206245,1714943.0
2013-04-04 05:30:00,NYSE:MUR,54.094311,54.275133,53.676677,54.042627,2429691.0
2013-04-05 05:30:00,NYSE:MUR,53.284868,54.326024,53.284868,54.034025,1210853.0
2013-04-08 05:30:00,NYSE:MUR,53.904869,54.826237,53.827352,54.765969,1415301.0
2013-04-09 05:30:00,NYSE:MUR,54.774571,55.859557,54.645415,55.678726,1485054.0
2013-04-10 05:30:00,NYSE:MUR,55.747623,55.85526,54.998457,55.230954,1386559.0
2013-04-11 05:30:00,NYSE:MUR,55.480664,55.480664,54.714285,54.86069,983082.0
2013-04-12 05:30:00,NYSE:MUR,54.438742,54.471042,52.742375,52.992085,2226243.0
2013-04-15 05:30:00,NYSE:MUR,52.613219,52.768208,51.571279,51.872673,3991355.0
2013-04-16 05:30:00,NYSE:MUR,52.484045,52.604599,51.752119,52.208493,2489387.0
2013-04-17 05:30:00,NYSE:MUR,51.881275,51.907108,50.770465,51.648778,3929751.0
2013-04-18 05:30:00,NYSE:MUR,51.691833,52.716542,51.338782,52.466814,2623806.0
2013-04-19 05:30:00,NYSE:MUR,52.845707,52.992085,51.666,52.182669,2024181.0
2013-04-22 05:30:00,NYSE:MUR,52.311825,52.397944,51.48516,52.010431,1840270.0
2013-04-23 05:30:00,NYSE:MUR,52.156836,52.440981,51.683222,52.397944,2178285.0
2013-04-24 05:30:00,NYSE:MUR,52.492665,53.13849,52.484045,52.578766,1591055.0
2013-04-25 05:30:00,NYSE:MUR,52.914595,53.336534,52.406546,52.880151,1534172.0
2013-04-26 05:30:00,NYSE:MUR,52.871531,52.890915,52.165438,52.690709,1036857.0
2013-04-29 05:30:00,NYSE:MUR,53.069593,53.810148,52.914595,53.594873,1413050.0
2013-04-30 05:30:00,NYSE:MUR,53.706807,53.939304,53.190147,53.465699,1884268.0
2013-05-01 05:30:00,NYSE:MUR,52.888762,53.026538,52.148216,52.35488,2291172.0
2013-05-02 05:30:00,NYSE:MUR,52.690709,52.768208,51.536844,52.208493,2048392.0
2013-05-03 05:30:00,NYSE:MUR,52.613219,53.224591,52.557239,52.905984,1509610.0
2013-05-06 05:30:00,NYSE:MUR,52.828494,54.180412,52.656256,53.904869,1546641.0
2013-05-07 05:30:00,NYSE:MUR,54.163181,55.342897,54.085691,55.29124,1992063.0
2013-05-08 05:30:00,NYSE:MUR,55.299842,55.523728,54.731516,55.162066,2636527.0
2013-05-09 05:30:00,NYSE:MUR,55.222343,55.54095,54.688452,55.032901,1403251.0
2013-05-10 05:30:00,NYSE:MUR,54.886523,54.886523,53.396802,54.034025,1898153.0
2013-05-13 05:30:00,NYSE:MUR,53.784315,54.447353,53.741251,54.189014,1469383.0
2013-05-14 05:30:00,NYSE:MUR,54.447353,55.734706,54.447353,55.652893,1904468.0
2013-05-15 05:30:00,NYSE:MUR,55.058734,55.36011,54.542074,55.317073,1108176.0
2013-05-16 05:30:00,NYSE:MUR,55.101798,55.420396,54.731516,54.869292,1479630.0
2013-05-17 05:30:00,NYSE:MUR,55.075965,55.480664,54.654017,55.342897,1281636.0
2013-05-20 05:30:00,NYSE:MUR,55.351508,56.557039,55.351508,55.79066,1956813.0
2013-05-21 05:30:00,NYSE:MUR,55.876779,56.255663,55.385961,55.446229,1267886.0
2013-05-22 05:30:00,NYSE:MUR,55.385961,55.566783,53.586253,53.930693,2350846.0
2013-05-23 05:30:00,NYSE:MUR,53.457088,53.482921,52.656256,53.379598,2005571.0
2013-05-24 05:30:00,NYSE:MUR,53.20736,53.63791,52.613219,53.026538,1950886.0
2013-05-28 05:30:00,NYSE:MUR,53.663761,53.741251,52.914595,53.12987,1796683.0
2013-05-29 05:30:00,NYSE:MUR,52.966252,54.369854,52.871531,54.214865,2387252.0
2013-05-30 05:30:00,NYSE:MUR,54.232078,55.528034,54.145968,55.213732,1838109.0
2013-05-31 05:30:00,NYSE:MUR,55.1104,55.420396,54.49901,54.524861,2025791.0
2013-06-03 05:30:00,NYSE:MUR,54.576518,54.834839,54.059858,54.524861,1605828.0
2013-06-04 05:30:00,NYSE:MUR,54.42152,55.196519,54.085691,54.266522,1414404.0
2013-06-05 05:30:00,NYSE:MUR,54.232078,54.809006,54.021109,54.292355,1915927.0
2013-06-06 05:30:00,NYSE:MUR,54.240698,55.179288,54.06846,55.153455,1492345.0
2013-06-07 05:30:00,NYSE:MUR,55.265389,56.712046,54.731516,56.608723,2145254.0
2013-06-10 05:30:00,NYSE:MUR,56.608723,57.073708,56.419272,56.910099,1972753.0
2013-06-11 05:30:00,NYSE:MUR,56.092054,56.57427,55.506515,55.670106,1617207.0
2013-06-12 05:30:00,NYSE:MUR,56.005935,56.22983,54.455973,54.559296,1361661.0
2013-06-13 05:30:00,NYSE:MUR,54.438742,55.317073,54.154579,55.075965,1595345.0
2013-06-14 05:30:00,NYSE:MUR,54.318188,55.437618,54.111524,54.300966,1482379.0
2013-06-17 05:30:00,NYSE:MUR,54.800404,54.981244,54.438742,54.783182,1230098.0
2013-06-18 05:30:00,NYSE:MUR,54.662628,55.394563,54.610962,54.765969,1683486.0
2013-06-19 05:30:00,NYSE:MUR,54.602351,55.032901,53.965137,53.99959,1673922.0
2013-06-20 05:30:00,NYSE:MUR,53.353765,53.457088,52.449601,52.656256,2335119.0
2013-06-21 05:30:00,NYSE:MUR,53.026538,53.198758,52.329047,52.77681,2111470.0
2013-06-24 05:30:00,NYSE:MUR,52.208493,52.372111,51.05461,51.932941,1740930.0
2013-06-25 05:30:00,NYSE:MUR,52.583072,53.009316,52.26877,52.725153,1545995.0
2013-06-26 05:30:00,NYSE:MUR,53.000705,53.155703,52.139605,52.690709,2626627.0
2013-06-27 05:30:00,NYSE:MUR,53.078204,53.431255,52.570155,53.000705,1731967.0
2013-06-28 05:30:00,NYSE:MUR,52.77681,53.293479,52.432379,52.432379,1799882.0
2013-07-01 05:30:00,NYSE:MUR,52.880151,53.13849,52.595988,52.690709,1174109.0
2013-07-02 05:30:00,NYSE:MUR,52.914595,52.974872,52.053495,52.432379,2034493.0
2013-07-03 05:30:00,NYSE:MUR,52.432379,53.000705,51.91571,52.690709,1352950.0
2013-07-05 05:30:00,NYSE:MUR,53.052371,53.13849,52.329047,53.035149,954414.0
2013-07-08 05:30:00,NYSE:MUR,53.327914,53.715418,53.026538,53.198758,1560135.0
2013-07-09 05:30:00,NYSE:MUR,53.698196,54.206245,53.629308,53.947906,1789348.0
2013-07-10 05:30:00,NYSE:MUR,54.008192,54.524861,53.827352,54.154579,1219253.0
2013-07-11 05:30:00,NYSE:MUR,54.946791,55.54095,54.559391,55.265389,1235792.0
2013-07-12 05:30:00,NYSE:MUR,55.153455,55.609838,54.783182,55.609838,1142918.0
2013-07-15 05:30:00,NYSE:MUR,55.635671,56.023166,55.454831,55.868168,1205337.0
2013-07-16 05:30:00,NYSE:MUR,55.894001,56.126489,55.187899,55.437618,984461.0
2013-07-17 05:30:00,NYSE:MUR,55.532348,55.997333,55.394563,55.997333,920039.0
2013-07-18 05:30:00,NYSE:MUR,56.083443,56.823998,56.064499,56.600103,1206001.0
2013-07-19 05:30:00,NYSE:MUR,56.815378,57.607581,56.393448,57.607581,1292646.0
2013-07-22 05:30:00,NYSE:MUR,57.6937,58.098417,57.48273,57.95203,1152560.0
2013-07-23 05:30:00,NYSE:MUR,57.94341,59.209227,57.848689,59.028405,1926922.0
2013-07-24 05:30:00,NYSE:MUR,58.468681,59.114506,57.87454,58.30509,1565627.0
2013-07-25 05:30:00,NYSE:MUR,58.356747,59.002572,58.003696,58.830361,1208752.0
2013-07-26 05:30:00,NYSE:MUR,58.494514,58.709789,57.960641,58.287859,1175748.0
2013-07-29 05:30:00,NYSE:MUR,58.150083,58.313692,57.409537,57.840087,1032909.0
2013-07-30 05:30:00,NYSE:MUR,57.934808,58.167305,57.340649,57.960641,1200466.0
2013-07-31 05:30:00,NYSE:MUR,57.960641,58.976748,57.840087,58.313692,1780553.0
2013-08-01 05:30:00,NYSE:MUR,58.683956,62.201559,58.683956,61.861424,3247225.0
2013-08-02 05:30:00,NYSE:MUR,61.878646,62.324265,61.043379,61.379208,1302490.0
2013-08-05 05:30:00,NYSE:MUR,61.232821,61.620316,60.87977,61.129498,1372113.0
2013-08-06 05:30:00,NYSE:MUR,61.189766,61.456707,60.345888,60.690328,1630663.0
2013-08-07 05:30:00,NYSE:MUR,60.337286,60.612829,59.450335,59.992837,1827859.0
2013-08-08 05:30:00,NYSE:MUR,61.129498,61.181155,60.147844,60.475053,985438.0
2013-08-09 05:30:00,NYSE:MUR,60.569774,61.224219,60.311435,61.051981,801783.0
2013-08-12 05:30:00,NYSE:MUR,60.698948,61.353375,60.509497,61.336153,1202923.0
2013-08-13 05:30:00,NYSE:MUR,61.241432,61.275876,60.320055,60.655884,1306856.0
2013-08-14 05:30:00,NYSE:MUR,60.595607,60.853937,59.855052,60.139224,1095911.0
2013-08-15 05:30:00,NYSE:MUR,59.855052,60.483673,59.390067,60.139224,1061585.0
2013-08-16 05:30:00,NYSE:MUR,59.872283,59.872283,58.673632,59.148959,1674735.0
2013-08-19 05:30:00,NYSE:MUR,58.675354,59.114506,58.287859,58.417024,1168409.0
2013-08-20 05:30:00,NYSE:MUR,58.348127,58.890629,58.038131,58.253406,1365778.0
2013-08-21 05:30:00,NYSE:MUR,58.046751,58.391191,57.022042,57.254548,1421096.0
2013-08-22 05:30:00,NYSE:MUR,57.504258,58.072584,57.461203,57.86592,797021.0
2013-08-23 05:30:00,NYSE:MUR,57.986474,58.003696,57.43537,57.667867,1132960.0
2013-08-26 05:30:00,NYSE:MUR,57.719533,58.055362,56.768018,56.944543,1546298.0
2013-08-27 05:30:00,NYSE:MUR,56.376217,57.176696,56.22983,56.324551,1529075.0
2013-08-28 05:30:00,NYSE:MUR,56.488169,57.495647,56.4408,56.884266,1454191.0
2013-08-29 05:30:00,NYSE:MUR,56.780934,56.987589,56.58289,56.668991,1497369.0
2013-08-30 05:30:00,NYSE:MUR,56.892886,58.150083,56.823998,58.055362,2643612.0
2013-09-03 05:30:00,NYSE:MUR,59.06,59.87,58.00999,59.8,5844324.0
2013-09-04 05:30:00,NYSE:MUR,59.88,60.87,59.55,60.42999,2949808.0
2013-09-05 05:30:00,NYSE:MUR,60.50999,61.11,60.5,61.07001,1840314.0
2013-09-06 05:30:00,NYSE:MUR,61.25999,62.1407,60.74001,61.77,1644870.0
2013-09-09 05:30:00,NYSE:MUR,61.73,62.315,61.56,62.25999,1490980.0
2013-09-10 05:30:00,NYSE:MUR,62.50999,62.55,61.67,62.3,1625650.0
2013-09-11 05:30:00,NYSE:MUR,62.42,63.23,62.02,62.53999,2194754.0
2013-09-12 05:30:00,NYSE:MUR,62.66,62.8896,61.78999,61.88,1683814.0
2013-09-13 05:30:00,NYSE:MUR,61.99001,62.35001,61.44,61.56,1175296.0
2013-09-16 05:30:00,NYSE:MUR,62.21001,62.28,61.5,61.61,958512.0
2013-09-17 05:30:00,NYSE:MUR,61.7,62.13,61.62,61.72,845449.0
2013-09-18 05:30:00,NYSE:MUR,61.61,62.5,61.02,62.27,919752.0
2013-09-19 05:30:00,NYSE:MUR,62.3,62.85001,61.56,61.73,1444198.0
2013-09-20 05:30:00,NYSE:MUR,61.56,62.14,61.09,61.52,2200774.0
2013-09-23 05:30:00,NYSE:MUR,61.19,61.36,60.38,61.06,1186932.0
2013-09-24 05:30:00,NYSE:MUR,61.02,62.56,61.02,61.44,1310097.0
2013-09-25 05:30:00,NYSE:MUR,61.5,61.91499,61.28,61.36,995837.0
2013-09-26 05:30:00,NYSE:MUR,61.45,61.69,60.895,61.53999,945227.0
2013-09-27 05:30:00,NYSE:MUR,61.06,61.63,60.94,61.27,890586.0
2013-09-30 05:30:00,NYSE:MUR,60.52,60.63,60.02499,60.32001,1542780.0
2013-10-01 05:30:00,NYSE:MUR,60.08,60.85001,60.06,60.85001,1741715.0
2013-10-02 05:30:00,NYSE:MUR,60.56,62.00999,60.32001,62.00999,1563554.0
2013-10-03 05:30:00,NYSE:MUR,61.73,62.0325,61.35001,61.81,1642441.0
2013-10-04 05:30:00,NYSE:MUR,61.89999,62.94,61.57001,62.92,1287695.0
2013-10-07 05:30:00,NYSE:MUR,62.46001,62.46001,61.42,61.84,1718059.0
2013-10-08 05:30:00,NYSE:MUR,61.8,62.41,60.981,61.16,1212437.0
2013-10-09 05:30:00,NYSE:MUR,61.17999,61.31,59.94501,60.23,2005704.0
2013-10-10 05:30:00,NYSE:MUR,61.00999,61.565,60.67,61.53,1332192.0
2013-10-11 05:30:00,NYSE:MUR,61.13,62.33,61.02,61.88,921483.0
2013-10-14 05:30:00,NYSE:MUR,61.12,61.39,60.36,61.38,2203755.0
2013-10-15 05:30:00,NYSE:MUR,61.39,62.03,61.032,61.92999,1867787.0
2013-10-16 05:30:00,NYSE:MUR,62.27,62.84,61.7,62.10001,1261097.0
2013-10-17 05:30:00,NYSE:MUR,62.08,62.19,61.53999,61.95,1225280.0
2013-10-18 05:30:00,NYSE:MUR,62.42999,62.55,62.10001,62.44,1297076.0
2013-10-21 05:30:00,NYSE:MUR,62.24001,62.64,61.44501,61.55,1598202.0
2013-10-22 05:30:00,NYSE:MUR,61.74001,61.99001,61.14999,61.72,954172.0
2013-10-23 05:30:00,NYSE:MUR,61.3,61.60001,60.57111,61.34,1259234.0
2013-10-24 05:30:00,NYSE:MUR,61.34,61.72,61.10001,61.64999,952733.0
2013-10-25 05:30:00,NYSE:MUR,61.89,61.96001,60.98,61.75,672293.0
2013-10-28 05:30:00,NYSE:MUR,61.93,62.65,61.47,62.11,1359131.0
2013-10-29 05:30:00,NYSE:MUR,62.24,62.93,62.0,62.83,1132867.0
2013-10-30 05:30:00,NYSE:MUR,62.91,62.99,61.21,62.02,1741982.0
2013-10-31 05:30:00,NYSE:MUR,60.8,60.8,58.37,60.32,4038076.0
2013-11-01 05:30:00,NYSE:MUR,59.9,60.51,58.72,60.4,2491897.0
2013-11-04 05:30:00,NYSE:MUR,60.57,61.44,60.4,61.36,1463266.0
2013-11-05 05:30:00,NYSE:MUR,61.31,61.57,60.11,60.36,2067784.0
2013-11-06 05:30:00,NYSE:MUR,60.66,61.11,59.73,60.25,1355950.0
2013-11-07 05:30:00,NYSE:MUR,60.16,60.82,59.69,59.93,2184842.0
2013-11-08 05:30:00,NYSE:MUR,60.1,61.21,59.88,61.04,1408682.0
2013-11-11 05:30:00,NYSE:MUR,61.25,62.15,61.09,61.84,1096850.0
2013-11-12 05:30:00,NYSE:MUR,62.77,63.01,61.7,61.87,2352209.0
2013-11-13 05:30:00,NYSE:MUR,61.14,61.72,60.89,61.56,1289911.0
2013-11-14 05:30:00,NYSE:MUR,61.54,62.38,61.2,62.24,1156911.0
2013-11-15 05:30:00,NYSE:MUR,62.27,63.1,61.95,62.83,1089456.0
2013-11-18 05:30:00,NYSE:MUR,63.17,63.62,62.73,62.99,2068116.0
2013-11-19 05:30:00,NYSE:MUR,62.85,63.34,62.35,63.1,1592301.0
2013-11-20 05:30:00,NYSE:MUR,63.45,64.1,62.6,62.88,1385060.0
2013-11-21 05:30:00,NYSE:MUR,63.3,63.67,62.81,63.55,759553.0
2013-11-22 05:30:00,NYSE:MUR,63.69,64.35,63.36,64.25,1154167.0
2013-11-25 05:30:00,NYSE:MUR,64.08,64.55,63.43,64.22,1679027.0
2013-11-26 05:30:00,NYSE:MUR,63.98,65.29,63.91,64.95,1451395.0
2013-11-27 05:30:00,NYSE:MUR,64.78,65.54,64.42,65.09,2072878.0
2013-11-29 05:30:00,NYSE:MUR,65.03,65.6,64.7,64.93,687894.0
2013-12-02 05:30:00,NYSE:MUR,65.18,66.2,64.75,65.12,1781986.0
2013-12-03 05:30:00,NYSE:MUR,64.86,65.75,64.65,65.55,1627478.0
2013-12-04 05:30:00,NYSE:MUR,65.21,65.36,63.64,64.55,1693480.0
2013-12-05 05:30:00,NYSE:MUR,64.53,64.65,63.405,63.54,1498716.0
2013-12-06 05:30:00,NYSE:MUR,64.08,64.46,63.58,63.9,1086973.0
2013-12-09 05:30:00,NYSE:MUR,64.66,64.84,63.37,64.12,1201610.0
2013-12-10 05:30:00,NYSE:MUR,64.03,64.45,63.84,64.1,1085841.0
2013-12-11 05:30:00,NYSE:MUR,64.19,64.26,63.2,63.45,1511595.0
2013-12-12 05:30:00,NYSE:MUR,63.55,63.81,62.88,63.15,1128089.0
2013-12-13 05:30:00,NYSE:MUR,63.03,63.53,62.48,63.01,1011498.0
2013-12-16 05:30:00,NYSE:MUR,63.16,63.7199,62.85,63.3,1057309.0
2013-12-17 05:30:00,NYSE:MUR,63.08,63.35,62.49,63.11,1447170.0
2013-12-18 05:30:00,NYSE:MUR,63.18,64.21,62.83,63.9,1211501.0
2013-12-19 05:30:00,NYSE:MUR,63.83,64.665,63.47,64.41,1141483.0
2013-12-20 05:30:00,NYSE:MUR,64.52,64.8,63.55,63.59,2282226.0
2013-12-23 05:30:00,NYSE:MUR,63.99,64.3,63.6,63.67,888922.0
2013-12-24 05:30:00,NYSE:MUR,63.74,64.04,63.69,63.72,291307.0
2013-12-26 05:30:00,NYSE:MUR,63.96,64.31,63.64,64.12,691924.0
2013-12-27 05:30:00,NYSE:MUR,64.41,64.56,63.9,64.42,408661.0
2013-12-30 05:30:00,NYSE:MUR,64.59,64.65,63.74,64.14,600351.0
2013-12-31 05:30:00,NYSE:MUR,64.12,64.94,64.01,64.88,868339.0
2014-01-02 05:30:00,NYSE:MUR,64.56,64.764,63.29,63.7,936805.0
2014-01-03 05:30:00,NYSE:MUR,63.63,63.98,62.9,63.3,928486.0
2014-01-06 05:30:00,NYSE:MUR,63.17,63.26,62.49,62.77,1616983.0
2014-01-07 05:30:00,NYSE:MUR,63.02,63.72,62.73,63.4,1175023.0
2014-01-08 05:30:00,NYSE:MUR,63.4,63.71,62.57,62.89,1675963.0
2014-01-09 05:30:00,NYSE:MUR,62.91,63.49,62.685,63.39,1420773.0
2014-01-10 05:30:00,NYSE:MUR,63.57,63.62,62.33,62.95,1162798.0
2014-01-13 05:30:00,NYSE:MUR,62.77,63.22,62.26,62.34,1865715.0
2014-01-14 05:30:00,NYSE:MUR,62.43,62.81,61.9,62.7,1763232.0
2014-01-15 05:30:00,NYSE:MUR,62.64,63.2,62.41,62.94,1351104.0
2014-01-16 05:30:00,NYSE:MUR,62.79,63.15,62.39,62.53,899325.0
2014-01-17 05:30:00,NYSE:MUR,62.88,63.4,62.6,62.77,1451450.0
2014-01-21 05:30:00,NYSE:MUR,63.11,63.28,62.32,62.93,1201147.0
2014-01-22 05:30:00,NYSE:MUR,63.22,63.77,63.08,63.35,1108615.0
2014-01-23 05:30:00,NYSE:MUR,63.0,63.24,62.02,62.51,1509060.0
2014-01-24 05:30:00,NYSE:MUR,61.96,62.02,60.5,60.5,1760065.0
2014-01-27 05:30:00,NYSE:MUR,60.57,60.87,59.57,60.29,1186729.0
2014-01-28 05:30:00,NYSE:MUR,60.19,61.33,60.19,61.17,1177896.0
2014-01-29 05:30:00,NYSE:MUR,60.95,61.22,60.04,60.47,2300398.0
2014-01-30 05:30:00,NYSE:MUR,58.94,60.05,55.89,57.44,3459491.0
2014-01-31 05:30:00,NYSE:MUR,56.46,57.65,56.05,56.61,2595832.0
2014-02-03 05:30:00,NYSE:MUR,56.25,56.37,55.3,55.37,2774841.0
2014-02-04 05:30:00,NYSE:MUR,55.58,56.26,55.38,55.68,1833220.0
2014-02-05 05:30:00,NYSE:MUR,55.64,55.73,54.67,54.74,2083436.0
2014-02-06 05:30:00,NYSE:MUR,55.2,55.97,55.12,55.87,3910893.0
2014-02-07 05:30:00,NYSE:MUR,56.3,58.28,55.87,57.93,5948744.0
2014-02-10 05:30:00,NYSE:MUR,58.0,58.0,56.91,56.93,2638444.0
2014-02-11 05:30:00,NYSE:MUR,57.1,57.99,56.88,57.17,1927070.0
2014-02-12 05:30:00,NYSE:MUR,57.31,57.68,56.23,56.28,2181651.0
2014-02-13 05:30:00,NYSE:MUR,55.56,57.47,55.31,57.22,2986261.0
2014-02-14 05:30:00,NYSE:MUR,57.19,60.42,57.17,60.06,5258967.0
2014-02-18 05:30:00,NYSE:MUR,60.11,60.33,58.53,58.59,2280794.0
2014-02-19 05:30:00,NYSE:MUR,58.28,59.05,57.54,57.59,2374278.0
2014-02-20 05:30:00,NYSE:MUR,57.52,58.3,57.5,58.11,1481027.0
2014-02-21 05:30:00,NYSE:MUR,58.04,58.275,57.47,57.67,1592550.0
2014-02-24 05:30:00,NYSE:MUR,58.1,59.43,57.97,59.13,2232562.0
2014-02-25 05:30:00,NYSE:MUR,59.11,59.79,58.62,59.08,1254678.0
2014-02-26 05:30:00,NYSE:MUR,59.01,59.53,58.91,59.25,1553991.0
2014-02-27 05:30:00,NYSE:MUR,59.21,59.43,58.83,59.31,1140461.0
2014-02-28 05:30:00,NYSE:MUR,59.26,60.14,58.83,59.37,1495105.0
2014-03-03 05:30:00,NYSE:MUR,59.23,60.18,59.07,59.21,1246328.0
2014-03-04 05:30:00,NYSE:MUR,59.54,59.7815,59.0,59.44,1084203.0
2014-03-05 05:30:00,NYSE:MUR,59.46,60.105,59.33,59.49,1681442.0
2014-03-06 05:30:00,NYSE:MUR,59.51,60.14,59.478,59.89,983205.0
2014-03-07 05:30:00,NYSE:MUR,60.17,60.285,59.595,59.87,1045610.0
2014-03-10 05:30:00,NYSE:MUR,59.87,60.19,59.27,59.69,1405210.0
2014-03-11 05:30:00,NYSE:MUR,59.78,60.31,59.06,59.33,1575320.0
2014-03-12 05:30:00,NYSE:MUR,59.0,59.91,58.99,59.5,1328752.0
2014-03-13 05:30:00,NYSE:MUR,59.65,59.855,58.86,59.02,1493920.0
2014-03-14 05:30:00,NYSE:MUR,59.0,60.31,59.0,60.26,1934178.0
2014-03-17 05:30:00,NYSE:MUR,61.3,61.31,59.62,60.06,1281166.0
2014-03-18 05:30:00,NYSE:MUR,60.08,60.61,59.94,60.36,941526.0
2014-03-19 05:30:00,NYSE:MUR,60.26,60.495,59.57,59.91,1010903.0
2014-03-20 05:30:00,NYSE:MUR,59.61,60.84,59.51,60.71,1469684.0
2014-03-21 05:30:00,NYSE:MUR,61.27,61.64,60.905,61.44,2492370.0
2014-03-24 05:30:00,NYSE:MUR,62.15,62.57,61.77,61.81,2182634.0
2014-03-25 05:30:00,NYSE:MUR,62.0,62.52,61.87,61.97,1444893.0
2014-03-26 05:30:00,NYSE:MUR,62.21,62.88,61.64,61.66,1450186.0
2014-03-27 05:30:00,NYSE:MUR,61.83,62.97,61.7,62.28,1386878.0
2014-03-28 05:30:00,NYSE:MUR,62.56,62.9425,62.251,62.75,1066008.0
2014-03-31 05:30:00,NYSE:MUR,63.0,63.14,62.27,62.86,1802340.0
2014-04-01 05:30:00,NYSE:MUR,62.93,63.14,62.59,62.98,1051428.0
2014-04-02 05:30:00,NYSE:MUR,62.83,63.53,62.45,63.44,1336675.0
2014-04-03 05:30:00,NYSE:MUR,62.05,63.26,61.38,61.87,3073803.0
2014-04-04 05:30:00,NYSE:MUR,62.14,62.92,61.67,61.91,1598404.0
2014-04-07 05:30:00,NYSE:MUR,61.78,61.99,61.06,61.27,1307664.0
2014-04-08 05:30:00,NYSE:MUR,60.88,61.55,59.86,61.1,2533802.0
2014-04-09 05:30:00,NYSE:MUR,60.95,61.06,59.46,60.4,2290203.0
2014-04-10 05:30:00,NYSE:MUR,60.4,61.07,59.95,60.02,1908747.0
2014-04-11 05:30:00,NYSE:MUR,59.89,60.5,59.53,59.61,1362744.0
2014-04-14 05:30:00,NYSE:MUR,60.02,60.29,59.41,59.95,1363973.0
2014-04-15 05:30:00,NYSE:MUR,59.99,61.72,59.89,61.6,1697560.0
2014-04-16 05:30:00,NYSE:MUR,62.52,63.18,62.13,63.17,1875615.0
2014-04-17 05:30:00,NYSE:MUR,63.02,64.25,62.86,63.94,1379438.0
2014-04-21 05:30:00,NYSE:MUR,63.99,64.47,63.7,64.33,700165.0
2014-04-22 05:30:00,NYSE:MUR,63.98,64.12,63.35,63.78,1154859.0
2014-04-23 05:30:00,NYSE:MUR,63.86,64.96,63.71,64.82,897770.0
2014-04-24 05:30:00,NYSE:MUR,65.0,65.34,64.37,64.75,1088842.0
2014-04-25 05:30:00,NYSE:MUR,64.52,64.66,63.48,63.73,865293.0
2014-04-28 05:30:00,NYSE:MUR,64.0,64.54,63.49,64.12,1333259.0
2014-04-29 05:30:00,NYSE:MUR,64.59,65.101,64.37,64.53,1155147.0
2014-04-30 05:30:00,NYSE:MUR,64.17,64.345,62.645,63.43,2428486.0
2014-05-01 05:30:00,NYSE:MUR,61.0,62.49,60.28,61.36,3619979.0
2014-05-02 05:30:00,NYSE:MUR,61.38,61.5725,60.86,61.21,2141647.0
2014-05-05 05:30:00,NYSE:MUR,61.21,61.54,61.01,61.29,2203732.0
2014-05-06 05:30:00,NYSE:MUR,61.24,61.75,60.83,60.84,1436009.0
2014-05-07 05:30:00,NYSE:MUR,61.32,61.57,60.79,60.99,1228872.0
2014-05-08 05:30:00,NYSE:MUR,60.89,61.16,59.87,59.99,1477078.0
2014-05-09 05:30:00,NYSE:MUR,59.9,60.19,59.5699,60.0,1515775.0
2014-05-12 05:30:00,NYSE:MUR,60.37,61.3,60.13,61.11,1338862.0
2014-05-13 05:30:00,NYSE:MUR,61.09,61.46,60.65,60.99,1312009.0
2014-05-14 05:30:00,NYSE:MUR,60.78,61.19,60.68,60.82,929829.0
2014-05-15 05:30:00,NYSE:MUR,61.31,61.78,60.16,61.1,1473907.0
2014-05-16 05:30:00,NYSE:MUR,60.9,60.93,59.93,60.13,909853.0
2014-05-19 05:30:00,NYSE:MUR,60.03,60.83,59.87,60.76,1194191.0
2014-05-20 05:30:00,NYSE:MUR,60.64,61.02,60.37,60.44,755356.0
2014-05-21 05:30:00,NYSE:MUR,61.23,61.71,60.8,61.65,1478590.0
2014-05-22 05:30:00,NYSE:MUR,61.56,61.84,61.1,61.15,879611.0
2014-05-23 05:30:00,NYSE:MUR,61.06,61.37,60.6,60.78,939207.0
2014-05-27 05:30:00,NYSE:MUR,60.88,61.0038,59.8,60.65,1622968.0
2014-05-28 05:30:00,NYSE:MUR,60.74,60.88,60.37,60.59,1164748.0
2014-05-29 05:30:00,NYSE:MUR,60.84,61.9,60.69,61.84,1337125.0
2014-05-30 05:30:00,NYSE:MUR,61.5,61.88,61.26,61.67,1672951.0
2014-06-02 05:30:00,NYSE:MUR,61.96,62.2,61.49,62.05,972285.0
2014-06-03 05:30:00,NYSE:MUR,61.95,62.1,61.57,62.0,1263794.0
2014-06-04 05:30:00,NYSE:MUR,61.97,62.45,61.74,62.17,927533.0
2014-06-05 05:30:00,NYSE:MUR,62.14,62.62,61.86,62.47,689359.0
2014-06-06 05:30:00,NYSE:MUR,62.63,63.32,62.442,63.16,712246.0
2014-06-09 05:30:00,NYSE:MUR,63.16,63.91,63.1,63.8,678588.0
2014-06-10 05:30:00,NYSE:MUR,63.24,63.74,63.1,63.24,1605348.0
2014-06-11 05:30:00,NYSE:MUR,63.13,63.76,63.02,63.63,989143.0
2014-06-12 05:30:00,NYSE:MUR,63.99,64.83,63.83,64.14,1081795.0
2014-06-13 05:30:00,NYSE:MUR,64.31,65.33,64.01,65.28,1288688.0
2014-06-16 05:30:00,NYSE:MUR,65.28,65.595,64.91,65.35,1015061.0
2014-06-17 05:30:00,NYSE:MUR,64.99,65.11,64.18,64.71,1271881.0
2014-06-18 05:30:00,NYSE:MUR,64.65,65.03,64.31,64.89,1226525.0
2014-06-19 05:30:00,NYSE:MUR,64.91,65.56,64.54,65.56,923345.0
2014-06-20 05:30:00,NYSE:MUR,65.86,66.11,65.41,66.01,1712792.0
2014-06-23 05:30:00,NYSE:MUR,66.56,67.07,66.37,66.82,1093580.0
2014-06-24 05:30:00,NYSE:MUR,66.8,66.91,64.795,64.89,1119911.0
2014-06-25 05:30:00,NYSE:MUR,64.64,65.935,64.385,65.78,1218365.0
2014-06-26 05:30:00,NYSE:MUR,65.84,66.43,65.36,66.15,961553.0
2014-06-27 05:30:00,NYSE:MUR,66.02,66.86,66.02,66.68,1263982.0
2014-06-30 05:30:00,NYSE:MUR,66.7,66.7,66.27,66.48,1153196.0
2014-07-01 05:30:00,NYSE:MUR,66.78,66.88,66.38,66.62,1054347.0
2014-07-02 05:30:00,NYSE:MUR,66.45,66.87,66.27,66.74,790571.0
2014-07-03 05:30:00,NYSE:MUR,66.98,66.98,66.68,66.76,679871.0
2014-07-07 05:30:00,NYSE:MUR,66.39,67.06,66.12,67.0,1540623.0
2014-07-08 05:30:00,NYSE:MUR,66.77,67.0,65.77,66.2,1532477.0
2014-07-09 05:30:00,NYSE:MUR,66.23,66.56,65.7,66.05,1141024.0
2014-07-10 05:30:00,NYSE:MUR,65.39,65.71,64.91,65.45,1191008.0
2014-07-11 05:30:00,NYSE:MUR,65.5,65.71,65.19,65.24,1350657.0
2014-07-14 05:30:00,NYSE:MUR,65.45,65.92,65.06,65.64,839660.0
2014-07-15 05:30:00,NYSE:MUR,65.38,65.59,64.3,65.03,1183332.0
2014-07-16 05:30:00,NYSE:MUR,65.49,66.19,65.39,65.97,1018448.0
2014-07-17 05:30:00,NYSE:MUR,66.21,67.68,66.08,66.13,2315384.0
2014-07-18 05:30:00,NYSE:MUR,66.26,66.45,65.72,66.32,1142653.0
2014-07-21 05:30:00,NYSE:MUR,65.89,66.75,65.88,66.64,1180450.0
2014-07-22 05:30:00,NYSE:MUR,66.89,67.62,66.86,67.09,1050258.0
2014-07-23 05:30:00,NYSE:MUR,67.28,67.77,67.11,67.75,917658.0
2014-07-24 05:30:00,NYSE:MUR,67.7,68.43,67.48,67.73,1187495.0
2014-07-25 05:30:00,NYSE:MUR,67.7,67.99,67.37,67.61,676663.0
2014-07-28 05:30:00,NYSE:MUR,67.56,67.92,66.96,67.51,693248.0
2014-07-29 05:30:00,NYSE:MUR,67.26,68.04,67.23,67.23,753721.0
2014-07-30 05:30:00,NYSE:MUR,67.63,68.15,66.3299,66.72,1433575.0
2014-07-31 05:30:00,NYSE:MUR,61.24,63.859,61.03,62.13,3942472.0
2014-08-01 05:30:00,NYSE:MUR,61.51,62.0,60.69,61.53,2145238.0
2014-08-04 05:30:00,NYSE:MUR,61.47,62.14,61.1,62.05,1296471.0
2014-08-05 05:30:00,NYSE:MUR,61.59,61.89,60.39,60.67,1526945.0
2014-08-06 05:30:00,NYSE:MUR,60.44,61.328,60.17,60.85,1358831.0
2014-08-07 05:30:00,NYSE:MUR,61.69,62.91,60.12,60.37,1491217.0
2014-08-08 05:30:00,NYSE:MUR,60.5,61.39,60.35,61.32,1110329.0
2014-08-11 05:30:00,NYSE:MUR,61.69,61.86,61.08,61.13,723373.0
2014-08-12 05:30:00,NYSE:MUR,60.88,61.078,60.03,60.29,871701.0
2014-08-13 05:30:00,NYSE:MUR,60.55,60.88,59.88,60.02,1175173.0
2014-08-14 05:30:00,NYSE:MUR,59.88,60.09,59.58,59.86,981011.0
2014-08-15 05:30:00,NYSE:MUR,60.2,60.55,60.0,60.46,999872.0
2014-08-18 05:30:00,NYSE:MUR,60.57,60.746,60.185,60.55,1264783.0
2014-08-19 05:30:00,NYSE:MUR,60.76,61.01,60.46,60.48,1363220.0
2014-08-20 05:30:00,NYSE:MUR,60.49,60.66,60.055,60.61,830058.0
2014-08-21 05:30:00,NYSE:MUR,60.5,61.41,60.45,61.32,780209.0
2014-08-22 05:30:00,NYSE:MUR,61.12,61.12,60.32,60.85,617988.0
2014-08-25 05:30:00,NYSE:MUR,61.07,61.4,60.94,61.28,594890.0
2014-08-26 05:30:00,NYSE:MUR,61.39,61.97,61.12,61.13,737933.0
2014-08-27 05:30:00,NYSE:MUR,61.25,61.34,60.68,60.79,716146.0
2014-08-28 05:30:00,NYSE:MUR,60.74,61.4,60.522,61.11,733107.0
2014-08-29 05:30:00,NYSE:MUR,61.52,62.53,61.24,62.47,1290838.0
2014-09-02 05:30:00,NYSE:MUR,62.3,62.45,60.66,60.96,945941.0
2014-09-03 05:30:00,NYSE:MUR,61.41,61.69,61.11,61.2,934195.0
2014-09-04 05:30:00,NYSE:MUR,61.14,61.17,59.39,59.68,1314169.0
2014-09-05 05:30:00,NYSE:MUR,59.72,60.02,59.28,59.94,1010675.0
2014-09-08 05:30:00,NYSE:MUR,59.57,59.604,58.37,58.99,1058005.0
2014-09-09 05:30:00,NYSE:MUR,59.04,59.17,58.22,58.6,840959.0
2014-09-10 05:30:00,NYSE:MUR,58.48,58.59,57.8,58.33,822110.0
2014-09-11 05:30:00,NYSE:MUR,57.83,58.29,57.435,58.01,1183932.0
2014-09-12 05:30:00,NYSE:MUR,57.77,57.9,57.09,57.27,706709.0
2014-09-15 05:30:00,NYSE:MUR,57.03,58.0,56.75,57.94,1392852.0
2014-09-16 05:30:00,NYSE:MUR,58.0,59.0,57.84,58.49,1207553.0
2014-09-17 05:30:00,NYSE:MUR,58.49,58.77,58.19,58.27,903312.0
2014-09-18 05:30:00,NYSE:MUR,58.3,58.45,57.58,57.7,782360.0
2014-09-19 05:30:00,NYSE:MUR,57.98,58.07,57.52,57.86,1289492.0
2014-09-22 05:30:00,NYSE:MUR,57.17,57.44,56.87,57.15,764238.0
2014-09-23 05:30:00,NYSE:MUR,57.13,58.1,57.03,57.56,1397192.0
2014-09-24 05:30:00,NYSE:MUR,57.56,57.6,56.53,57.28,1326178.0
2014-09-25 05:30:00,NYSE:MUR,57.31,57.31,56.18,56.18,946235.0
2014-09-26 05:30:00,NYSE:MUR,56.23,57.35,56.21,57.06,924897.0
2014-09-29 05:30:00,NYSE:MUR,56.43,57.1925,56.0,57.0,1122179.0
2014-09-30 05:30:00,NYSE:MUR,57.0,58.4,56.76,56.91,2800089.0
2014-10-01 05:30:00,NYSE:MUR,56.92,56.98,56.11,56.13,2471657.0
2014-10-02 05:30:00,NYSE:MUR,55.4,56.2,54.51,55.72,1498556.0
2014-10-03 05:30:00,NYSE:MUR,55.71,55.8,54.74,55.05,1156938.0
2014-10-06 05:30:00,NYSE:MUR,55.1,55.44,54.35,54.94,1202441.0
2014-10-07 05:30:00,NYSE:MUR,54.49,55.055,54.33,54.38,1453158.0
2014-10-08 05:30:00,NYSE:MUR,54.24,55.57,53.73,55.5,1996327.0
2014-10-09 05:30:00,NYSE:MUR,54.95,55.23,53.71,53.91,2584128.0
2014-10-10 05:30:00,NYSE:MUR,53.59,54.37,52.91,53.18,2460598.0
2014-10-13 05:30:00,NYSE:MUR,53.03,53.76,50.76,50.79,2209073.0
2014-10-14 05:30:00,NYSE:MUR,51.03,52.31,50.05,50.53,2385053.0
2014-10-15 05:30:00,NYSE:MUR,49.9,51.29,49.38,51.11,3170029.0
2014-10-16 05:30:00,NYSE:MUR,49.94,52.23,49.78,51.88,2911538.0
2014-10-17 05:30:00,NYSE:MUR,52.86,52.9,51.28,51.46,2746227.0
2014-10-20 05:30:00,NYSE:MUR,51.38,51.935,50.74,51.73,1784593.0
2014-10-21 05:30:00,NYSE:MUR,52.19,53.45,52.18,53.42,1420263.0
2014-10-22 05:30:00,NYSE:MUR,53.56,54.06,52.03,52.05,1210907.0
2014-10-23 05:30:00,NYSE:MUR,52.66,53.56,52.325,53.04,1126009.0
2014-10-24 05:30:00,NYSE:MUR,52.85,53.0,51.97,52.15,1699535.0
2014-10-27 05:30:00,NYSE:MUR,51.32,51.43,50.43,50.89,1491335.0
2014-10-28 05:30:00,NYSE:MUR,51.32,52.69,50.75,52.63,1118187.0
2014-10-29 05:30:00,NYSE:MUR,53.23,53.57,51.29,52.0,2495207.0
2014-10-30 05:30:00,NYSE:MUR,52.0,52.99,51.04,52.21,3000916.0
2014-10-31 05:30:00,NYSE:MUR,51.8,53.45,51.14,53.39,1889572.0
2014-11-03 05:30:00,NYSE:MUR,53.81,54.57,52.26,52.44,1907320.0
2014-11-04 05:30:00,NYSE:MUR,51.58,51.9,50.66,51.24,1503581.0
2014-11-05 05:30:00,NYSE:MUR,51.6,52.4,50.775,52.25,1485403.0
2014-11-06 05:30:00,NYSE:MUR,52.13,53.17,51.57,53.05,1836830.0
2014-11-07 05:30:00,NYSE:MUR,53.26,54.57,53.0,54.53,2022106.0
2014-11-10 05:30:00,NYSE:MUR,54.99,55.36,53.62,53.85,2378777.0
2014-11-11 05:30:00,NYSE:MUR,54.06,54.52,53.51,54.12,1626173.0
2014-11-12 05:30:00,NYSE:MUR,52.84,53.45,51.31,52.52,1632977.0
2014-11-13 05:30:00,NYSE:MUR,52.1,52.19,50.86,51.33,1348809.0
2014-11-14 05:30:00,NYSE:MUR,51.53,52.04,51.18,51.94,1247093.0
2014-11-17 05:30:00,NYSE:MUR,51.32,51.78,50.84,51.41,1084191.0
2014-11-18 05:30:00,NYSE:MUR,51.3,51.905,50.86,51.72,821466.0
2014-11-19 05:30:00,NYSE:MUR,51.72,51.78,50.82,51.61,1881610.0
2014-11-20 05:30:00,NYSE:MUR,51.63,53.5133,51.59,53.26,1666896.0
2014-11-21 05:30:00,NYSE:MUR,54.21,54.74,53.61,54.08,1245042.0
2014-11-24 05:30:00,NYSE:MUR,53.92,53.98,52.67,52.99,1153505.0
2014-11-25 05:30:00,NYSE:MUR,53.33,53.37,51.724,52.44,2444073.0
2014-11-26 05:30:00,NYSE:MUR,52.22,52.31,51.46,51.58,864872.0
2014-11-28 05:30:00,NYSE:MUR,49.3,49.39,47.86,48.42,4022179.0
2014-12-01 05:30:00,NYSE:MUR,48.0,49.11,47.68,49.03,3402326.0
2014-12-02 05:30:00,NYSE:MUR,48.55,50.13,48.22,49.08,2467306.0
2014-12-03 05:30:00,NYSE:MUR,49.4,50.25,49.07,49.72,1755216.0
2014-12-04 05:30:00,NYSE:MUR,48.78,49.64,48.44,49.19,1733973.0
2014-12-05 05:30:00,NYSE:MUR,49.0,49.71,48.49,48.92,1930283.0
2014-12-08 05:30:00,NYSE:MUR,48.15,48.33,45.92,46.15,2632540.0
2014-12-09 05:30:00,NYSE:MUR,46.03,47.52,45.94,46.85,2117775.0
2014-12-10 05:30:00,NYSE:MUR,45.97,45.97,44.96,45.43,2080278.0
2014-12-11 05:30:00,NYSE:MUR,45.54,46.61,45.41,45.66,2070250.0
2014-12-12 05:30:00,NYSE:MUR,44.69,45.75,44.19,44.92,3035076.0
2014-12-15 05:30:00,NYSE:MUR,45.38,45.78,44.31,44.39,1807148.0
2014-12-16 05:30:00,NYSE:MUR,43.78,46.63,43.57,44.84,3416440.0
2014-12-17 05:30:00,NYSE:MUR,45.18,48.06,45.17,47.52,2890548.0
2014-12-18 05:30:00,NYSE:MUR,48.86,49.35,46.94,48.62,2327876.0
2014-12-19 05:30:00,NYSE:MUR,48.93,50.7,48.68,50.66,3821294.0
2014-12-22 05:30:00,NYSE:MUR,49.93,50.04,48.94,49.93,1627764.0
2014-12-23 05:30:00,NYSE:MUR,50.35,51.41,50.01,51.1,1437931.0
2014-12-24 05:30:00,NYSE:MUR,50.68,50.75,49.55,50.31,651335.0
2014-12-26 05:30:00,NYSE:MUR,50.74,50.97,50.18,50.33,675528.0
2014-12-29 05:30:00,NYSE:MUR,50.59,51.03,50.04,50.53,1110433.0
2014-12-30 05:30:00,NYSE:MUR,50.28,51.065,49.75,50.74,1379091.0
2014-12-31 05:30:00,NYSE:MUR,50.02,51.11,49.81,50.52,1282782.0
2015-01-02 05:30:00,NYSE:MUR,49.91,50.77,49.61,50.49,1425871.0
2015-01-05 05:30:00,NYSE:MUR,49.52,49.52,47.44,47.8,2079801.0
2015-01-06 05:30:00,NYSE:MUR,47.61,48.42,46.26,46.58,2380724.0
2015-01-07 05:30:00,NYSE:MUR,47.34,47.63,46.18,46.48,2030329.0
2015-01-08 05:30:00,NYSE:MUR,47.06,48.59,46.72,48.57,2919549.0
2015-01-09 05:30:00,NYSE:MUR,48.56,48.87,47.63,48.51,1389067.0
2015-01-12 05:30:00,NYSE:MUR,47.29,47.36,46.08,46.74,2201387.0
2015-01-13 05:30:00,NYSE:MUR,46.95,47.32,45.84,46.63,2058949.0
2015-01-14 05:30:00,NYSE:MUR,46.45,46.55,44.84,46.36,1822036.0
2015-01-15 05:30:00,NYSE:MUR,47.2,47.3,45.44,45.48,1338615.0
2015-01-16 05:30:00,NYSE:MUR,45.79,47.76,45.65,47.68,2741078.0
2015-01-20 05:30:00,NYSE:MUR,47.03,47.37,46.54,47.37,1537278.0
2015-01-21 05:30:00,NYSE:MUR,47.52,48.39,47.41,48.03,1366427.0
2015-01-22 05:30:00,NYSE:MUR,48.34,48.49,47.17,48.11,1282598.0
2015-01-23 05:30:00,NYSE:MUR,47.73,48.39,46.52,46.63,2368385.0
2015-01-26 05:30:00,NYSE:MUR,46.66,47.1,46.17,46.87,1678027.0
2015-01-27 05:30:00,NYSE:MUR,46.58,47.03,46.19,46.78,2131470.0
2015-01-28 05:30:00,NYSE:MUR,46.38,46.56,43.0,43.4,4028284.0
2015-01-29 05:30:00,NYSE:MUR,43.83,43.98,42.19,43.68,3957408.0
2015-01-30 05:30:00,NYSE:MUR,43.39,45.82,43.05,44.91,3165094.0
2015-02-02 05:30:00,NYSE:MUR,46.2,47.68,45.69,47.65,2804000.0
2015-02-03 05:30:00,NYSE:MUR,48.8,50.59,48.71,49.91,3059631.0
2015-02-04 05:30:00,NYSE:MUR,48.89,49.84,48.35,49.17,2875600.0
2015-02-05 05:30:00,NYSE:MUR,49.6,50.43,49.31,50.19,1836438.0
2015-02-06 05:30:00,NYSE:MUR,50.77,50.77,49.8,50.51,2209806.0
2015-02-09 05:30:00,NYSE:MUR,50.98,51.43,50.36,51.07,3357996.0
2015-02-10 05:30:00,NYSE:MUR,51.17,51.295,50.45,51.07,3349853.0
2015-02-11 05:30:00,NYSE:MUR,50.28,51.04,49.79,50.93,2693010.0
2015-02-12 05:30:00,NYSE:MUR,51.31,51.85,50.69,50.89,1723165.0
2015-02-13 05:30:00,NYSE:MUR,51.78,52.0,51.26,51.77,1815384.0
2015-02-17 05:30:00,NYSE:MUR,51.49,51.79,51.13,51.6,1618953.0
2015-02-18 05:30:00,NYSE:MUR,50.81,51.61,50.41,50.51,1916907.0
2015-02-19 05:30:00,NYSE:MUR,46.98,50.63,46.98,50.04,2156230.0
2015-02-20 05:30:00,NYSE:MUR,50.07,50.51,49.69,50.27,1355370.0
2015-02-23 05:30:00,NYSE:MUR,49.52,50.67,49.28,50.56,1863068.0
2015-02-24 05:30:00,NYSE:MUR,51.2,51.21,50.31,51.0,1531172.0
2015-02-25 05:30:00,NYSE:MUR,51.0,51.82,50.61,51.65,1138765.0
2015-02-26 05:30:00,NYSE:MUR,51.24,51.32,50.54,51.01,2215549.0
2015-02-27 05:30:00,NYSE:MUR,51.19,51.61,50.71,50.89,2081804.0
2015-03-02 05:30:00,NYSE:MUR,50.52,50.62,48.68,49.11,2022373.0
2015-03-03 05:30:00,NYSE:MUR,49.33,50.37,49.21,49.94,1209946.0
2015-03-04 05:30:00,NYSE:MUR,49.9,50.04,49.15,49.98,968283.0
2015-03-05 05:30:00,NYSE:MUR,49.69,49.91,49.25,49.88,1392656.0
2015-03-06 05:30:00,NYSE:MUR,49.4,49.95,48.43,48.6,1834353.0
2015-03-09 05:30:00,NYSE:MUR,48.45,48.8493,47.64,47.64,1225383.0
2015-03-10 05:30:00,NYSE:MUR,47.06,47.38,46.1,46.37,1960187.0
2015-03-11 05:30:00,NYSE:MUR,46.65,47.48,46.5,47.24,985856.0
2015-03-12 05:30:00,NYSE:MUR,47.5,47.54,46.54,46.59,1001655.0
2015-03-13 05:30:00,NYSE:MUR,46.13,46.89,45.61,46.83,1492741.0
2015-03-16 05:30:00,NYSE:MUR,46.41,47.6,46.191,47.56,1276447.0
2015-03-17 05:30:00,NYSE:MUR,47.17,47.44,46.88,47.24,1016333.0
2015-03-18 05:30:00,NYSE:MUR,46.97,49.58,46.85,49.29,1657615.0
2015-03-19 05:30:00,NYSE:MUR,48.49,48.54,46.6,46.82,2441608.0
2015-03-20 05:30:00,NYSE:MUR,47.39,48.07,46.93,47.69,2802171.0
2015-03-23 05:30:00,NYSE:MUR,47.82,48.14,47.02,47.02,1644648.0
2015-03-24 05:30:00,NYSE:MUR,46.0,46.62,45.6,45.95,2337741.0
2015-03-25 05:30:00,NYSE:MUR,46.31,47.425,46.03,47.07,1691494.0
2015-03-26 05:30:00,NYSE:MUR,47.84,48.23,47.16,47.35,1279257.0
2015-03-27 05:30:00,NYSE:MUR,46.95,47.1,46.44,46.86,1335456.0
2015-03-30 05:30:00,NYSE:MUR,47.59,47.82,46.87,47.67,1467676.0
2015-03-31 05:30:00,NYSE:MUR,47.06,47.45,46.6,46.6,1720602.0
2015-04-01 05:30:00,NYSE:MUR,46.88,48.1899,46.88,47.64,1736267.0
2015-04-02 05:30:00,NYSE:MUR,47.38,48.57,47.38,48.39,1655483.0
2015-04-06 05:30:00,NYSE:MUR,48.86,50.41,48.5,50.07,2340416.0
2015-04-07 05:30:00,NYSE:MUR,50.11,50.88,49.915,50.42,1801817.0
2015-04-08 05:30:00,NYSE:MUR,50.66,51.09,48.83,49.03,2118068.0
2015-04-09 05:30:00,NYSE:MUR,49.27,49.84,49.15,49.61,2620433.0
2015-04-10 05:30:00,NYSE:MUR,49.71,49.94,49.23,49.38,1205434.0
2015-04-13 05:30:00,NYSE:MUR,49.67,49.85,48.78,48.94,1165941.0
2015-04-14 05:30:00,NYSE:MUR,49.29,49.62,48.99,49.42,2499003.0
2015-04-15 05:30:00,NYSE:MUR,49.84,50.79,49.75,50.56,3429728.0
2015-04-16 05:30:00,NYSE:MUR,50.27,50.49,49.86,50.03,2226605.0
2015-04-17 05:30:00,NYSE:MUR,49.64,50.02,49.31,49.64,1826274.0
2015-04-20 05:30:00,NYSE:MUR,49.78,50.768,49.78,50.02,2201021.0
2015-04-21 05:30:00,NYSE:MUR,50.07,50.2,49.14,49.27,1671854.0
2015-04-22 05:30:00,NYSE:MUR,49.53,49.58,48.85,49.27,1059670.0
2015-04-23 05:30:00,NYSE:MUR,49.46,49.96,49.31,49.36,1827529.0
2015-04-24 05:30:00,NYSE:MUR,49.1,49.3,47.72,48.07,2357541.0
2015-04-27 05:30:00,NYSE:MUR,48.31,48.58,47.89,47.93,2082791.0
2015-04-28 05:30:00,NYSE:MUR,48.21,48.65,47.89,48.4,2019908.0
2015-04-29 05:30:00,NYSE:MUR,48.38,49.545,48.11,49.19,2197609.0
2015-04-30 05:30:00,NYSE:MUR,49.3,49.3,46.62,47.61,5969906.0
2015-05-01 05:30:00,NYSE:MUR,47.51,47.51,46.17,46.56,2653095.0
2015-05-04 05:30:00,NYSE:MUR,46.5,46.93,45.76,46.47,2572289.0
2015-05-05 05:30:00,NYSE:MUR,47.04,47.48,46.03,46.9,3041914.0
2015-05-06 05:30:00,NYSE:MUR,47.3,47.715,46.75,47.04,2806968.0
2015-05-07 05:30:00,NYSE:MUR,46.99,47.6,46.37,46.71,2929517.0
2015-05-08 05:30:00,NYSE:MUR,47.18,47.23,46.01,46.64,2587065.0
2015-05-11 05:30:00,NYSE:MUR,46.64,46.67,44.68,45.06,2645737.0
2015-05-12 05:30:00,NYSE:MUR,45.1,45.56,44.901,45.12,1472916.0
2015-05-13 05:30:00,NYSE:MUR,45.15,45.21,44.46,44.77,2127933.0
2015-05-14 05:30:00,NYSE:MUR,44.91,45.27,44.34,44.43,1646364.0
2015-05-15 05:30:00,NYSE:MUR,44.12,44.74,43.94,44.52,1848418.0
2015-05-18 05:30:00,NYSE:MUR,43.97,44.07,42.971,43.52,2579856.0
2015-05-19 05:30:00,NYSE:MUR,43.09,43.31,42.67,42.92,2524525.0
2015-05-20 05:30:00,NYSE:MUR,43.23,43.61,42.68,43.14,2269850.0
2015-05-21 05:30:00,NYSE:MUR,43.51,43.87,43.11,43.47,1995948.0
2015-05-22 05:30:00,NYSE:MUR,42.91,43.68,42.88,43.44,1192653.0
2015-05-26 05:30:00,NYSE:MUR,42.88,43.31,42.62,42.95,1516102.0
2015-05-27 05:30:00,NYSE:MUR,42.89,43.58,42.69,43.33,1929464.0
2015-05-28 05:30:00,NYSE:MUR,42.99,43.475,42.59,43.4,1772066.0
2015-05-29 05:30:00,NYSE:MUR,43.47,43.58,43.0174,43.46,1977219.0
2015-06-01 05:30:00,NYSE:MUR,43.48,43.58,42.5,42.52,1855992.0
2015-06-02 05:30:00,NYSE:MUR,42.8,43.21,42.4,42.92,1727250.0
2015-06-03 05:30:00,NYSE:MUR,42.68,43.08,42.51,42.74,1313206.0
2015-06-04 05:30:00,NYSE:MUR,42.33,42.82,42.261,42.48,1308752.0
2015-06-05 05:30:00,NYSE:MUR,42.18,43.38,42.15,42.3,1612944.0
2015-06-08 05:30:00,NYSE:MUR,42.09,42.38,41.78,42.16,2471853.0
2015-06-09 05:30:00,NYSE:MUR,42.6,43.36,42.48,43.26,2583935.0
2015-06-10 05:30:00,NYSE:MUR,43.96,44.059,43.62,43.94,1891032.0
2015-06-11 05:30:00,NYSE:MUR,44.03,44.37,43.65,43.69,1566233.0
2015-06-12 05:30:00,NYSE:MUR,43.45,43.63,43.2,43.39,1362292.0
2015-06-15 05:30:00,NYSE:MUR,42.9,43.6425,42.84,43.05,1305879.0
2015-06-16 05:30:00,NYSE:MUR,43.07,43.76,42.86,43.62,1188076.0
2015-06-17 05:30:00,NYSE:MUR,43.92,44.05,42.65,43.09,2220873.0
2015-06-18 05:30:00,NYSE:MUR,43.28,43.465,42.73,42.8,1645489.0
2015-06-19 05:30:00,NYSE:MUR,42.57,42.81,42.37,42.52,1777200.0
2015-06-22 05:30:00,NYSE:MUR,42.7,43.01,42.32,42.81,1376033.0
2015-06-23 05:30:00,NYSE:MUR,42.87,43.28,42.66,43.07,955301.0
2015-06-24 05:30:00,NYSE:MUR,43.02,43.39,42.84,43.2,1171240.0
2015-06-25 05:30:00,NYSE:MUR,42.83,43.04,42.02,42.18,2640182.0
2015-06-26 05:30:00,NYSE:MUR,42.16,42.265,41.73,42.22,1370709.0
2015-06-29 05:30:00,NYSE:MUR,41.55,41.93,41.23,41.42,2398921.0
2015-06-30 05:30:00,NYSE:MUR,41.92,41.98,41.21,41.57,1855237.0
2015-07-01 05:30:00,NYSE:MUR,41.6,41.68,40.765,40.95,2222246.0
2015-07-02 05:30:00,NYSE:MUR,41.07,41.51,41.0,41.42,1825438.0
2015-07-06 05:30:00,NYSE:MUR,40.63,41.21,40.49,40.78,1902282.0
2015-07-07 05:30:00,NYSE:MUR,40.65,41.31,40.11,41.0,2793912.0
2015-07-08 05:30:00,NYSE:MUR,40.56,41.26,40.03,40.31,2873605.0
2015-07-09 05:30:00,NYSE:MUR,41.29,41.33,40.65,40.67,2319197.0
2015-07-10 05:30:00,NYSE:MUR,41.13,41.17,39.85,40.06,1552249.0
2015-07-13 05:30:00,NYSE:MUR,39.7,40.57,39.62,40.45,2081725.0
2015-07-14 05:30:00,NYSE:MUR,40.41,40.89,40.13,40.81,1784319.0
2015-07-15 05:30:00,NYSE:MUR,40.67,40.87,39.47,39.67,1412785.0
2015-07-16 05:30:00,NYSE:MUR,39.78,39.78,38.64,38.73,1768377.0
2015-07-17 05:30:00,NYSE:MUR,38.57,38.88,37.45,37.49,2188170.0
2015-07-20 05:30:00,NYSE:MUR,37.3,37.46,36.21,36.28,2118468.0
2015-07-21 05:30:00,NYSE:MUR,36.44,36.8,35.29,35.46,3412993.0
2015-07-22 05:30:00,NYSE:MUR,35.58,35.66,34.51,34.64,4026136.0
2015-07-23 05:30:00,NYSE:MUR,34.64,35.05,34.1535,34.51,3569445.0
2015-07-24 05:30:00,NYSE:MUR,34.67,34.67,32.88,33.33,3399062.0
2015-07-27 05:30:00,NYSE:MUR,32.8,33.38,32.5,33.07,3285689.0
2015-07-28 05:30:00,NYSE:MUR,33.21,34.64,32.73,34.12,3447667.0
2015-07-29 05:30:00,NYSE:MUR,33.94,34.765,33.7,34.23,3279143.0
2015-07-30 05:30:00,NYSE:MUR,34.38,35.0,33.7,34.97,4391886.0
2015-07-31 05:30:00,NYSE:MUR,34.44,34.49,32.66,32.79,3740109.0
2015-08-03 05:30:00,NYSE:MUR,32.42,32.86,31.885,32.14,3689770.0
2015-08-04 05:30:00,NYSE:MUR,32.54,33.17,32.01,32.3,2394793.0
2015-08-05 05:30:00,NYSE:MUR,32.65,33.07,31.605,31.65,2504175.0
2015-08-06 05:30:00,NYSE:MUR,31.52,33.13,30.92,33.0,3299107.0
2015-08-07 05:30:00,NYSE:MUR,32.81,33.49,32.141,32.3,2702381.0
2015-08-10 05:30:00,NYSE:MUR,32.4,33.845,32.24,33.81,2184886.0
2015-08-11 05:30:00,NYSE:MUR,33.06,33.44,32.58,33.16,2471529.0
2015-08-12 05:30:00,NYSE:MUR,33.09,34.39,32.75,34.1,2638658.0
2015-08-13 05:30:00,NYSE:MUR,33.33,33.74,32.76,32.95,2179245.0
2015-08-14 05:30:00,NYSE:MUR,32.88,33.46,32.43,32.56,2260942.0
2015-08-17 05:30:00,NYSE:MUR,32.26,32.66,32.0,32.29,1407292.0
2015-08-18 05:30:00,NYSE:MUR,32.23,32.34,31.5,31.7,1733256.0
2015-08-19 05:30:00,NYSE:MUR,31.44,31.69,30.45,30.63,2604647.0
2015-08-20 05:30:00,NYSE:MUR,30.55,30.87,30.01,30.05,3501133.0
2015-08-21 05:30:00,NYSE:MUR,29.96,30.349,29.19,29.27,3103734.0
2015-08-24 05:30:00,NYSE:MUR,27.36,30.63,27.35,27.63,3343342.0
2015-08-25 05:30:00,NYSE:MUR,29.19,29.19,26.86,26.9,2549687.0
2015-08-26 05:30:00,NYSE:MUR,27.57,27.7,27.01,27.65,2368508.0
2015-08-27 05:30:00,NYSE:MUR,28.84,29.81,28.24,29.48,3160796.0
2015-08-28 05:30:00,NYSE:MUR,29.38,31.31,29.36,30.04,3858290.0
2015-08-31 05:30:00,NYSE:MUR,29.68,31.2,29.0,31.0,3612032.0
2015-09-01 05:30:00,NYSE:MUR,29.81,30.28,28.25,28.56,3465459.0
2015-09-02 05:30:00,NYSE:MUR,29.06,29.27,28.08,29.09,3001521.0
2015-09-03 05:30:00,NYSE:MUR,29.18,30.3,28.89,29.05,2254197.0
2015-09-04 05:30:00,NYSE:MUR,28.57,28.83,28.28,28.64,2348454.0
2015-09-08 05:30:00,NYSE:MUR,28.88,29.02,28.15,28.84,2194223.0
2015-09-09 05:30:00,NYSE:MUR,29.07,29.48,27.95,28.03,2251629.0
2015-09-10 05:30:00,NYSE:MUR,27.89,28.42,27.5,28.18,2668146.0
2015-09-11 05:30:00,NYSE:MUR,27.62,27.729,25.77,26.78,4288142.0
2015-09-14 05:30:00,NYSE:MUR,26.64,27.67,26.28,26.67,4478599.0
2015-09-15 05:30:00,NYSE:MUR,26.79,27.61,26.73,27.02,2993962.0
2015-09-16 05:30:00,NYSE:MUR,27.4,28.13,27.39,27.98,3523069.0
2015-09-17 05:30:00,NYSE:MUR,28.0,28.72,27.61,27.68,2726662.0
2015-09-18 05:30:00,NYSE:MUR,27.12,27.54,26.76,27.22,6167085.0
2015-09-21 05:30:00,NYSE:MUR,27.43,27.94,27.09,27.56,3947416.0
2015-09-22 05:30:00,NYSE:MUR,27.09,27.63,26.185,26.2,5062741.0
2015-09-23 05:30:00,NYSE:MUR,26.29,26.45,25.12,25.27,4089428.0
2015-09-24 05:30:00,NYSE:MUR,25.03,25.6,24.56,24.68,8023839.0
2015-09-25 05:30:00,NYSE:MUR,24.98,25.15,24.52,24.75,3559498.0
2015-09-28 05:30:00,NYSE:MUR,24.45,24.63,23.71,23.76,2873588.0
2015-09-29 05:30:00,NYSE:MUR,23.91,24.15,23.2,23.98,7486117.0
2015-09-30 05:30:00,NYSE:MUR,24.45,24.47,23.9,24.2,4085646.0
2015-10-01 05:30:00,NYSE:MUR,24.56,25.0,23.64,23.65,6383792.0
2015-10-02 05:30:00,NYSE:MUR,23.32,26.0,23.27,25.91,7297358.0
2015-10-05 05:30:00,NYSE:MUR,26.44,27.67,26.44,27.23,5674135.0
2015-10-06 05:30:00,NYSE:MUR,27.3,28.54,27.08,28.15,6543845.0
2015-10-07 05:30:00,NYSE:MUR,28.63,29.32,27.94,28.94,4540756.0
2015-10-08 05:30:00,NYSE:MUR,28.94,30.24,28.83,29.96,5025496.0
2015-10-09 05:30:00,NYSE:MUR,30.03,30.54,29.37,30.42,4615337.0
2015-10-12 05:30:00,NYSE:MUR,30.38,30.38,28.7,29.46,3593176.0
2015-10-13 05:30:00,NYSE:MUR,29.11,29.82,28.72,28.79,3928441.0
2015-10-14 05:30:00,NYSE:MUR,28.81,29.06,28.34,28.82,5168447.0
2015-10-15 05:30:00,NYSE:MUR,28.78,29.35,28.35,29.21,5173628.0
2015-10-16 05:30:00,NYSE:MUR,29.35,29.48,28.4,28.95,3904555.0
2015-10-19 05:30:00,NYSE:MUR,28.55,28.67,27.46,27.58,3534179.0
2015-10-20 05:30:00,NYSE:MUR,27.55,28.62,27.39,27.89,2802769.0
2015-10-21 05:30:00,NYSE:MUR,27.79,27.79,27.1101,27.26,2317519.0
2015-10-22 05:30:00,NYSE:MUR,27.59,28.4,27.5,28.05,3034775.0
2015-10-23 05:30:00,NYSE:MUR,27.85,28.515,27.44,28.35,2878404.0
2015-10-26 05:30:00,NYSE:MUR,28.29,28.39,27.67,27.81,3521232.0
2015-10-27 05:30:00,NYSE:MUR,27.28,27.28,26.07,26.19,4119607.0
2015-10-28 05:30:00,NYSE:MUR,26.42,27.59,26.1,27.12,3932580.0
2015-10-29 05:30:00,NYSE:MUR,27.05,29.79,26.78,28.26,6834605.0
2015-10-30 05:30:00,NYSE:MUR,28.39,29.2401,27.81,28.43,4646655.0
2015-11-02 05:30:00,NYSE:MUR,28.31,30.0,28.23,29.92,3797127.0
2015-11-03 05:30:00,NYSE:MUR,30.13,31.58,30.08,30.52,3797671.0
2015-11-04 05:30:00,NYSE:MUR,30.65,30.94,29.54,30.42,2676782.0
2015-11-05 05:30:00,NYSE:MUR,30.21,32.05,30.2,31.0,3591669.0
2015-11-06 05:30:00,NYSE:MUR,30.61,31.3,30.34,30.82,2728601.0
2015-11-09 05:30:00,NYSE:MUR,30.99,31.91,30.63,31.03,2663432.0
2015-11-10 05:30:00,NYSE:MUR,30.91,31.42,30.49,30.78,1821538.0
2015-11-11 05:30:00,NYSE:MUR,30.73,30.89,28.905,29.05,3895829.0
2015-11-12 05:30:00,NYSE:MUR,28.09,28.9858,27.46,28.64,3599120.0
2015-11-13 05:30:00,NYSE:MUR,28.59,29.22,28.15,28.77,3142777.0
2015-11-16 05:30:00,NYSE:MUR,28.88,30.145,28.65,30.1,3004146.0
2015-11-17 05:30:00,NYSE:MUR,29.87,30.57,29.36,30.1,2766822.0
2015-11-18 05:30:00,NYSE:MUR,30.43,31.6199,30.13,30.93,2424947.0
2015-11-19 05:30:00,NYSE:MUR,30.5,30.93,29.67,30.18,2127049.0
2015-11-20 05:30:00,NYSE:MUR,30.21,30.43,28.575,28.66,3373322.0
2015-11-23 05:30:00,NYSE:MUR,28.51,28.93,28.1,28.49,2973896.0
2015-11-24 05:30:00,NYSE:MUR,28.83,30.09,28.83,29.57,3575054.0
2015-11-25 05:30:00,NYSE:MUR,29.26,29.89,28.74,29.38,2196872.0
2015-11-27 05:30:00,NYSE:MUR,29.0,29.1,27.94,28.4,1213435.0
2015-11-30 05:30:00,NYSE:MUR,28.58,29.07,28.23,28.58,2613236.0
2015-12-01 05:30:00,NYSE:MUR,28.68,29.18,28.47,29.11,1799190.0
2015-12-02 05:30:00,NYSE:MUR,28.83,28.88,26.9,27.14,2893863.0
2015-12-03 05:30:00,NYSE:MUR,27.33,27.48,25.7,26.31,3852863.0
2015-12-04 05:30:00,NYSE:MUR,25.82,25.82,24.56,25.46,3212238.0
2015-12-07 05:30:00,NYSE:MUR,24.63,24.64,23.24,23.68,3731331.0
2015-12-08 05:30:00,NYSE:MUR,23.3,23.88,22.75,23.54,3176809.0
2015-12-09 05:30:00,NYSE:MUR,23.6,23.82,22.24,22.85,4667001.0
2015-12-10 05:30:00,NYSE:MUR,22.69,23.54,22.62,23.3,7334787.0
2015-12-11 05:30:00,NYSE:MUR,22.94,22.94,22.22,22.58,3328853.0
2015-12-14 05:30:00,NYSE:MUR,22.35,22.76,21.84,22.26,3557313.0
2015-12-15 05:30:00,NYSE:MUR,22.66,22.82,22.08,22.58,3593541.0
2015-12-16 05:30:00,NYSE:MUR,22.49,22.97,21.91,22.31,5610977.0
2015-12-17 05:30:00,NYSE:MUR,22.18,22.29,21.32,21.8,5909615.0
2015-12-18 05:30:00,NYSE:MUR,21.88,22.37,21.54,21.71,5741913.0
2015-12-21 05:30:00,NYSE:MUR,21.73,22.08,21.26,21.75,4764645.0
2015-12-22 05:30:00,NYSE:MUR,21.82,22.45,21.66,22.31,3603461.0
2015-12-23 05:30:00,NYSE:MUR,22.94,23.73,22.94,23.62,4824013.0
2015-12-24 05:30:00,NYSE:MUR,23.6,23.7,23.03,23.35,1266741.0
2015-12-28 05:30:00,NYSE:MUR,22.79,22.87,22.255,22.37,2397705.0
2015-12-29 05:30:00,NYSE:MUR,22.97,23.04,22.115,22.68,2495209.0
2015-12-30 05:30:00,NYSE:MUR,22.21,22.81,21.9,21.95,2325581.0
2015-12-31 05:30:00,NYSE:MUR,21.78,22.685,21.7,22.45,3045799.0
2016-01-04 05:30:00,NYSE:MUR,22.34,23.2,22.08,22.95,4640199.0
2016-01-05 05:30:00,NYSE:MUR,22.91,23.03,21.9,22.59,3197304.0
2016-01-06 05:30:00,NYSE:MUR,21.72,21.9,19.78,20.12,5395357.0
2016-01-07 05:30:00,NYSE:MUR,19.6,20.48,19.37,19.43,3980609.0
2016-01-08 05:30:00,NYSE:MUR,19.59,19.84,19.18,19.31,4898152.0
2016-01-11 05:30:00,NYSE:MUR,19.26,19.5,17.87,18.32,5162592.0
2016-01-12 05:30:00,NYSE:MUR,19.13,19.13,17.48,18.24,5040354.0
2016-01-13 05:30:00,NYSE:MUR,18.51,19.0,17.0,17.3,4937129.0
2016-01-14 05:30:00,NYSE:MUR,17.97,18.66,17.01,18.42,5410239.0
2016-01-15 05:30:00,NYSE:MUR,17.45,17.52,16.6202,17.16,4735520.0
2016-01-19 05:30:00,NYSE:MUR,17.32,17.45,16.05,16.38,5214650.0
2016-01-20 05:30:00,NYSE:MUR,15.96,16.09,14.3,15.87,6701946.0
2016-01-21 05:30:00,NYSE:MUR,15.84,18.1,15.8,17.24,5490759.0
2016-01-22 05:30:00,NYSE:MUR,18.49,19.09,17.11,17.59,6333099.0
2016-01-25 05:30:00,NYSE:MUR,16.84,18.3295,16.75,16.81,5682244.0
2016-01-26 05:30:00,NYSE:MUR,17.08,17.8,16.775,17.71,8104192.0
2016-01-27 05:30:00,NYSE:MUR,17.41,18.91,17.12,18.14,10056031.0
2016-01-28 05:30:00,NYSE:MUR,19.58,20.47,17.56,18.45,10670983.0
2016-01-29 05:30:00,NYSE:MUR,19.04,19.71,18.61,19.61,6634166.0
2016-02-01 05:30:00,NYSE:MUR,18.82,19.16,17.83,18.4,6212132.0
2016-02-02 05:30:00,NYSE:MUR,17.76,17.98,17.15,17.43,5497578.0
2016-02-03 05:30:00,NYSE:MUR,17.91,19.315,17.24,19.26,4933122.0
2016-02-04 05:30:00,NYSE:MUR,19.45,21.11,19.4,20.0,6281671.0
2016-02-05 05:30:00,NYSE:MUR,19.79,20.24,18.86,19.84,5673211.0
2016-02-08 05:30:00,NYSE:MUR,19.23,19.73,18.59,19.23,5605630.0
2016-02-09 05:30:00,NYSE:MUR,18.67,18.82,17.28,17.86,5035003.0
2016-02-10 05:30:00,NYSE:MUR,17.84,18.16,16.75,16.76,5736382.0
2016-02-11 05:30:00,NYSE:MUR,15.86,16.38,15.23,15.97,5996938.0
2016-02-12 05:30:00,NYSE:MUR,16.32,16.97,15.98,16.79,5237533.0
2016-02-16 05:30:00,NYSE:MUR,17.66,17.66,16.21,16.8,5146373.0
2016-02-17 05:30:00,NYSE:MUR,16.99,18.505,16.81,17.98,5912774.0
2016-02-18 05:30:00,NYSE:MUR,18.37,18.53,16.6362,17.0,5129667.0
2016-02-19 05:30:00,NYSE:MUR,16.59,16.61,15.3,15.76,6927131.0
2016-02-22 05:30:00,NYSE:MUR,16.37,16.975,16.08,16.87,4403644.0
2016-02-23 05:30:00,NYSE:MUR,16.56,16.77,15.96,16.17,4548203.0
2016-02-24 05:30:00,NYSE:MUR,15.66,17.02,15.47,16.82,6809985.0
2016-02-25 05:30:00,NYSE:MUR,16.98,17.41,15.895,16.43,5139553.0
2016-02-26 05:30:00,NYSE:MUR,16.96,17.944,16.82,17.14,4622154.0
2016-02-29 05:30:00,NYSE:MUR,17.22,17.435,16.94,17.18,4118236.0
2016-03-01 05:30:00,NYSE:MUR,17.23,17.48,16.11,17.22,4745515.0
2016-03-02 05:30:00,NYSE:MUR,16.97,19.325,16.96,19.3,5856168.0
2016-03-03 05:30:00,NYSE:MUR,19.31,21.71,19.23,21.25,8773867.0
2016-03-04 05:30:00,NYSE:MUR,21.74,24.14,21.35,23.7,9408153.0
2016-03-07 05:30:00,NYSE:MUR,23.76,27.94,23.6,26.69,16924772.0
2016-03-08 05:30:00,NYSE:MUR,26.28,26.33,22.09,22.78,11279714.0
2016-03-09 05:30:00,NYSE:MUR,23.6,24.28,21.84,22.98,9571062.0
2016-03-10 05:30:00,NYSE:MUR,22.7,23.4,22.02,22.95,6458080.0
2016-03-11 05:30:00,NYSE:MUR,23.7,24.641,23.59,23.71,5103349.0
2016-03-14 05:30:00,NYSE:MUR,23.14,24.04,22.65,23.74,4447910.0
2016-03-15 05:30:00,NYSE:MUR,23.3,23.59,22.71,23.56,3865238.0
2016-03-16 05:30:00,NYSE:MUR,23.67,24.55,23.47,24.44,4515555.0
2016-03-17 05:30:00,NYSE:MUR,24.86,25.37,24.1607,24.96,4362960.0
2016-03-18 05:30:00,NYSE:MUR,25.28,26.03,24.67,25.39,8109521.0
2016-03-21 05:30:00,NYSE:MUR,25.31,26.33,24.94,25.67,3374041.0
2016-03-22 05:30:00,NYSE:MUR,25.2,26.54,25.0,25.93,3778151.0
2016-03-23 05:30:00,NYSE:MUR,25.63,25.99,23.93,24.04,3471670.0
2016-03-24 05:30:00,NYSE:MUR,23.3,24.41,23.04,24.13,3943728.0
2016-03-28 05:30:00,NYSE:MUR,24.32,24.38,23.36,24.09,3118413.0
2016-03-29 05:30:00,NYSE:MUR,23.41,24.79,23.24,24.54,3654999.0
2016-03-30 05:30:00,NYSE:MUR,25.25,25.44,24.12,24.42,2556394.0
2016-03-31 05:30:00,NYSE:MUR,24.4,25.41,24.11,25.19,3257850.0
2016-04-01 05:30:00,NYSE:MUR,24.52,24.65,23.82,24.26,4110639.0
2016-04-04 05:30:00,NYSE:MUR,24.29,24.7,23.56,23.82,3783153.0
2016-04-05 05:30:00,NYSE:MUR,23.5,24.27,23.29,23.49,4613156.0
2016-04-06 05:30:00,NYSE:MUR,23.75,24.84,23.31,24.65,3276256.0
2016-04-07 05:30:00,NYSE:MUR,24.25,24.68,23.8501,24.44,4249174.0
2016-04-08 05:30:00,NYSE:MUR,25.43,26.23,25.42,25.69,3888199.0
2016-04-11 05:30:00,NYSE:MUR,26.05,26.93,25.91,26.31,4009731.0
2016-04-12 05:30:00,NYSE:MUR,26.77,29.47,26.65,28.82,6885651.0
2016-04-13 05:30:00,NYSE:MUR,28.96,29.513,27.735,28.82,6676721.0
2016-04-14 05:30:00,NYSE:MUR,29.02,29.25,28.44,28.89,4794890.0
2016-04-15 05:30:00,NYSE:MUR,28.44,29.04,28.04,28.49,3679412.0
2016-04-18 05:30:00,NYSE:MUR,27.22,29.58,27.1,29.13,3492849.0
2016-04-19 05:30:00,NYSE:MUR,29.57,30.61,29.19,30.47,3845550.0
2016-04-20 05:30:00,NYSE:MUR,30.25,31.6,29.98,31.24,4797464.0
2016-04-21 05:30:00,NYSE:MUR,31.72,32.19,31.23,31.63,4927774.0
2016-04-22 05:30:00,NYSE:MUR,31.87,33.67,31.65,33.66,5272230.0
2016-04-25 05:30:00,NYSE:MUR,33.27,33.58,32.49,33.51,5460531.0
2016-04-26 05:30:00,NYSE:MUR,33.91,34.975,33.68,34.87,5204518.0
2016-04-27 05:30:00,NYSE:MUR,35.29,36.45,35.21,36.24,5786600.0
2016-04-28 05:30:00,NYSE:MUR,36.61,37.48,35.19,35.4,6058773.0
2016-04-29 05:30:00,NYSE:MUR,35.97,36.66,34.16,35.74,5647972.0
2016-05-02 05:30:00,NYSE:MUR,35.77,35.94,33.9,35.14,4908909.0
2016-05-03 05:30:00,NYSE:MUR,34.253,34.29,32.95,33.43,5212375.0
2016-05-04 05:30:00,NYSE:MUR,34.11,34.345,31.94,32.81,5408825.0
2016-05-05 05:30:00,NYSE:MUR,33.14,33.44,29.92,30.26,9784588.0
2016-05-06 05:30:00,NYSE:MUR,29.76,31.186,29.76,30.34,5016662.0
2016-05-09 05:30:00,NYSE:MUR,29.81,29.88,28.26,28.84,5341342.0
2016-05-10 05:30:00,NYSE:MUR,29.06,30.17,28.95,29.91,3863190.0
2016-05-11 05:30:00,NYSE:MUR,29.63,30.96,28.8,30.38,4057668.0
2016-05-12 05:30:00,NYSE:MUR,30.49,31.398,29.83,30.35,5139622.0
2016-05-13 05:30:00,NYSE:MUR,29.94,30.55,29.03,29.14,3217616.0
2016-05-16 05:30:00,NYSE:MUR,29.95,30.69,29.88,30.07,3322366.0
2016-05-17 05:30:00,NYSE:MUR,30.11,30.64,29.6,29.81,4309265.0
2016-05-18 05:30:00,NYSE:MUR,29.66,30.1414,28.61,28.9,3744117.0
2016-05-19 05:30:00,NYSE:MUR,28.4,29.65,28.13,29.38,3535979.0
2016-05-20 05:30:00,NYSE:MUR,29.5,29.99,28.87,29.4,3219146.0
2016-05-23 05:30:00,NYSE:MUR,29.09,29.83,28.84,29.64,2524747.0
2016-05-24 05:30:00,NYSE:MUR,29.9,30.59,29.42,30.26,2808607.0
2016-05-25 05:30:00,NYSE:MUR,30.5,31.47,30.42,31.4,3748299.0
2016-05-26 05:30:00,NYSE:MUR,31.85,32.09,30.64,31.04,3054803.0
2016-05-27 05:30:00,NYSE:MUR,30.72,30.85,30.12,30.69,2566723.0
2016-05-31 05:30:00,NYSE:MUR,30.86,31.94,30.63,30.91,4164005.0
2016-06-01 05:30:00,NYSE:MUR,30.36,30.73,29.68,30.7,2747163.0
2016-06-02 05:30:00,NYSE:MUR,30.19,30.72,29.63,30.47,3033977.0
2016-06-03 05:30:00,NYSE:MUR,30.63,31.0,30.12,30.4,2412953.0
2016-06-06 05:30:00,NYSE:MUR,31.03,31.505,30.69,31.43,2187718.0
2016-06-07 05:30:00,NYSE:MUR,31.81,32.97,31.53,32.79,2812984.0
2016-06-08 05:30:00,NYSE:MUR,33.29,33.51,32.25,32.35,2436175.0
2016-06-09 05:30:00,NYSE:MUR,31.75,31.97,31.28,31.81,2228871.0
2016-06-10 05:30:00,NYSE:MUR,31.13,31.13,29.3,29.39,3840687.0
2016-06-13 05:30:00,NYSE:MUR,28.88,30.36,28.64,29.15,3589661.0
2016-06-14 05:30:00,NYSE:MUR,28.89,29.52,28.54,29.37,2622777.0
2016-06-15 05:30:00,NYSE:MUR,29.24,29.81,28.64,29.14,2401100.0
2016-06-16 05:30:00,NYSE:MUR,28.72,28.72,27.31,27.98,4565362.0
2016-06-17 05:30:00,NYSE:MUR,28.47,29.91,28.47,29.34,5191457.0
2016-06-20 05:30:00,NYSE:MUR,30.4,31.46,29.88,31.1,3741533.0
2016-06-21 05:30:00,NYSE:MUR,30.95,32.11,30.65,31.85,2569404.0
2016-06-22 05:30:00,NYSE:MUR,32.25,32.3,31.26,31.57,2187689.0
2016-06-23 05:30:00,NYSE:MUR,31.96,32.57,31.86,32.41,2188056.0
2016-06-24 05:30:00,NYSE:MUR,30.5,31.71,30.22,30.51,4096765.0
2016-06-27 05:30:00,NYSE:MUR,29.9,29.94,27.63,28.19,3998884.0
2016-06-28 05:30:00,NYSE:MUR,29.41,30.1,28.95,30.08,2860346.0
2016-06-29 05:30:00,NYSE:MUR,30.64,32.43,30.37,32.01,4483511.0
2016-06-30 05:30:00,NYSE:MUR,31.88,32.05,30.93,31.75,3322050.0
2016-07-01 05:30:00,NYSE:MUR,31.6,33.2,31.39,32.66,2173711.0
2016-07-05 05:30:00,NYSE:MUR,31.67,32.08,29.64,30.09,3924888.0
2016-07-06 05:30:00,NYSE:MUR,29.87,30.79,29.45,30.72,3547410.0
2016-07-07 05:30:00,NYSE:MUR,31.14,31.93,29.75,30.0,2726196.0
2016-07-08 05:30:00,NYSE:MUR,30.68,31.04,29.83,30.66,3039608.0
2016-07-11 05:30:00,NYSE:MUR,31.0,31.03,29.68,29.74,2512140.0
2016-07-12 05:30:00,NYSE:MUR,31.06,32.39,30.74,32.1,4124233.0
2016-07-13 05:30:00,NYSE:MUR,32.59,33.35,31.33,31.9,4622496.0
2016-07-14 05:30:00,NYSE:MUR,32.54,33.0,31.74,31.97,1674680.0
2016-07-15 05:30:00,NYSE:MUR,32.33,32.5,31.5301,31.87,1503476.0
2016-07-18 05:30:00,NYSE:MUR,31.58,32.04,30.92,32.0,1593156.0
2016-07-19 05:30:00,NYSE:MUR,31.68,31.82,30.85,30.99,2003285.0
2016-07-20 05:30:00,NYSE:MUR,30.66,31.32,30.04,30.61,2668975.0
2016-07-21 05:30:00,NYSE:MUR,30.69,31.44,29.03,29.11,5513435.0
2016-07-22 05:30:00,NYSE:MUR,29.41,29.511,28.57,29.02,2865424.0
2016-07-25 05:30:00,NYSE:MUR,28.63,28.81,27.8,28.32,3260887.0
2016-07-26 05:30:00,NYSE:MUR,28.17,28.946,28.07,28.85,2522957.0
2016-07-27 05:30:00,NYSE:MUR,28.97,29.44,27.66,27.8,4166835.0
2016-07-28 05:30:00,NYSE:MUR,27.73,28.15,26.27,26.57,5898556.0
2016-07-29 05:30:00,NYSE:MUR,26.0,27.7,25.7586,27.43,5264886.0
2016-08-01 05:30:00,NYSE:MUR,27.07,27.07,25.5,25.63,4135697.0
2016-08-02 05:30:00,NYSE:MUR,26.15,26.26,24.39,25.73,6803920.0
2016-08-03 05:30:00,NYSE:MUR,25.8,26.63,25.56,26.57,3615572.0
2016-08-04 05:30:00,NYSE:MUR,26.35,27.64,26.301,27.05,5208638.0
2016-08-05 05:30:00,NYSE:MUR,27.18,27.92,26.72,27.82,3758943.0
2016-08-08 05:30:00,NYSE:MUR,28.15,29.25,28.15,28.48,3730926.0
2016-08-09 05:30:00,NYSE:MUR,28.7,28.72,27.88,28.22,2735763.0
2016-08-10 05:30:00,NYSE:MUR,28.3,28.62,27.63,27.69,2906060.0
2016-08-11 05:30:00,NYSE:MUR,28.02,28.75,27.76,28.58,2540206.0
2016-08-12 05:30:00,NYSE:MUR,28.81,29.23,28.3,28.66,3006038.0
2016-08-15 05:30:00,NYSE:MUR,28.92,29.3,28.66,29.12,1910229.0
2016-08-16 05:30:00,NYSE:MUR,28.97,29.2,28.44,28.97,2212403.0
2016-08-17 05:30:00,NYSE:MUR,28.88,29.21,28.47,29.07,2513270.0
2016-08-18 05:30:00,NYSE:MUR,29.36,30.49,29.35,30.47,2744895.0
2016-08-19 05:30:00,NYSE:MUR,30.21,30.25,29.585,30.06,2348458.0
2016-08-22 05:30:00,NYSE:MUR,29.42,29.63,28.83,29.07,2774211.0
2016-08-23 05:30:00,NYSE:MUR,29.02,29.82,28.88,29.82,2659426.0
2016-08-24 05:30:00,NYSE:MUR,29.61,29.74,28.89,29.02,1878168.0
2016-08-25 05:30:00,NYSE:MUR,29.02,29.4,28.66,28.94,1681817.0
2016-08-26 05:30:00,NYSE:MUR,29.1,29.6,28.51,28.84,1936176.0
2016-08-29 05:30:00,NYSE:MUR,28.69,29.13,28.61,28.93,2300833.0
2016-08-30 05:30:00,NYSE:MUR,29.09,29.45,28.09,28.31,2948374.0
2016-08-31 05:30:00,NYSE:MUR,28.08,28.13,26.67,26.72,4472234.0
2016-09-01 05:30:00,NYSE:MUR,26.47,26.93,25.76,26.39,3658013.0
2016-09-02 05:30:00,NYSE:MUR,26.64,27.24,26.62,26.8,3146029.0
2016-09-06 05:30:00,NYSE:MUR,26.95,27.34,26.73,27.33,2557109.0
2016-09-07 05:30:00,NYSE:MUR,27.57,28.26,27.32,27.85,3234716.0
2016-09-08 05:30:00,NYSE:MUR,28.19,30.14,28.04,29.75,3944888.0
2016-09-09 05:30:00,NYSE:MUR,29.42,29.64,27.94,27.94,4175263.0
2016-09-12 05:30:00,NYSE:MUR,27.54,28.47,27.25,28.27,2602383.0
2016-09-13 05:30:00,NYSE:MUR,27.61,27.615,25.82,26.14,4438178.0
2016-09-14 05:30:00,NYSE:MUR,26.03,26.22,24.74,25.14,5387061.0
2016-09-15 05:30:00,NYSE:MUR,25.45,26.36,25.24,25.89,3000048.0
2016-09-16 05:30:00,NYSE:MUR,25.22,26.28,25.17,26.19,3953553.0
2016-09-19 05:30:00,NYSE:MUR,26.51,26.72,25.65,25.65,1842760.0
2016-09-20 05:30:00,NYSE:MUR,25.56,25.83,25.04,25.19,2049485.0
2016-09-21 05:30:00,NYSE:MUR,25.45,26.46,25.35,26.41,3273234.0
2016-09-22 05:30:00,NYSE:MUR,26.83,27.93,26.83,27.55,4683151.0
2016-09-23 05:30:00,NYSE:MUR,27.21,27.89,25.92,26.08,5697768.0
2016-09-26 05:30:00,NYSE:MUR,26.5,27.26,26.43,26.65,2838735.0
2016-09-27 05:30:00,NYSE:MUR,26.03,26.23,25.38,25.98,3463654.0
2016-09-28 05:30:00,NYSE:MUR,26.16,28.985,26.04,28.91,6313676.0
2016-09-29 05:30:00,NYSE:MUR,28.9,31.0,28.875,30.33,5725449.0
2016-09-30 05:30:00,NYSE:MUR,30.66,30.91,30.1601,30.4,3827400.0
2016-10-03 05:30:00,NYSE:MUR,30.4,31.02,29.91,30.87,2485426.0
2016-10-04 05:30:00,NYSE:MUR,31.01,31.17,29.56,29.87,2982457.0
2016-10-05 05:30:00,NYSE:MUR,30.57,31.09,30.32,30.45,2879129.0
2016-10-06 05:30:00,NYSE:MUR,30.75,31.0,29.305,29.91,3776962.0
2016-10-07 05:30:00,NYSE:MUR,30.12,30.45,29.44,29.51,2862232.0
2016-10-10 05:30:00,NYSE:MUR,30.07,30.69,30.04,30.27,2007620.0
2016-10-11 05:30:00,NYSE:MUR,30.09,30.21,29.09,29.29,2207339.0
2016-10-12 05:30:00,NYSE:MUR,28.99,29.09,28.34,28.72,2517237.0
2016-10-13 05:30:00,NYSE:MUR,28.25,28.72,28.0,28.66,2480823.0
2016-10-14 05:30:00,NYSE:MUR,29.02,29.395,28.56,28.98,2477466.0
2016-10-17 05:30:00,NYSE:MUR,28.8,29.01,28.055,28.22,1775757.0
2016-10-18 05:30:00,NYSE:MUR,28.77,28.84,27.74,28.2,2095594.0
2016-10-19 05:30:00,NYSE:MUR,28.55,29.55,28.32,29.32,3107593.0
2016-10-20 05:30:00,NYSE:MUR,28.94,29.41,28.71,29.35,2468978.0
2016-10-21 05:30:00,NYSE:MUR,29.03,29.36,28.72,29.21,2253243.0
2016-10-24 05:30:00,NYSE:MUR,29.2,29.92,28.5301,29.45,3489848.0
2016-10-25 05:30:00,NYSE:MUR,29.49,29.72,28.7,28.73,3193045.0
2016-10-26 05:30:00,NYSE:MUR,28.08,29.81,27.87,29.71,5377003.0
2016-10-27 05:30:00,NYSE:MUR,29.4,29.55,27.13,27.6,8332869.0
2016-10-28 05:30:00,NYSE:MUR,27.61,28.41,26.86,26.89,4716853.0
2016-10-31 05:30:00,NYSE:MUR,26.85,26.99,25.84,25.87,3660612.0
2016-11-01 05:30:00,NYSE:MUR,26.67,26.86,25.41,26.17,3919872.0
2016-11-02 05:30:00,NYSE:MUR,25.72,26.2,24.89,25.84,3244660.0
2016-11-03 05:30:00,NYSE:MUR,26.18,27.19,26.18,27.06,5149235.0
2016-11-04 05:30:00,NYSE:MUR,26.81,26.92,25.925,26.01,5658481.0
2016-11-07 05:30:00,NYSE:MUR,26.55,26.88,26.38,26.77,2621134.0
2016-11-08 05:30:00,NYSE:MUR,26.4,27.15,26.321,26.95,2716187.0
2016-11-09 05:30:00,NYSE:MUR,26.67,28.28,26.54,27.97,2945146.0
2016-11-10 05:30:00,NYSE:MUR,27.85,28.99,27.75,28.71,3149372.0
2016-11-11 05:30:00,NYSE:MUR,28.13,28.5164,26.9567,27.41,2798999.0
2016-11-14 05:30:00,NYSE:MUR,27.14,28.35,26.915,28.33,2484078.0
2016-11-15 05:30:00,NYSE:MUR,28.88,30.96,28.81,30.91,6048051.0
2016-11-16 05:30:00,NYSE:MUR,30.33,31.14,29.88,30.13,3958033.0
2016-11-17 05:30:00,NYSE:MUR,30.75,31.17,30.19,30.3,2985243.0
2016-11-18 05:30:00,NYSE:MUR,30.53,31.34,30.5,30.73,3899966.0
2016-11-21 05:30:00,NYSE:MUR,31.47,32.33,31.38,31.66,2971304.0
2016-11-22 05:30:00,NYSE:MUR,31.79,31.89,30.45,30.91,3587781.0
2016-11-23 05:30:00,NYSE:MUR,30.54,31.36,30.54,31.27,1999555.0
2016-11-25 05:30:00,NYSE:MUR,30.97,31.07,30.545,30.75,961748.0
2016-11-28 05:30:00,NYSE:MUR,30.68,31.09,29.63,29.7,2683666.0
2016-11-29 05:30:00,NYSE:MUR,28.79,29.83,28.4472,29.42,3231987.0
2016-11-30 05:30:00,NYSE:MUR,32.58,34.52,31.8,33.91,5909386.0
2016-12-01 05:30:00,NYSE:MUR,34.98,35.19,32.75,33.01,3764065.0
2016-12-02 05:30:00,NYSE:MUR,32.67,33.17,32.5,32.79,2391782.0
2016-12-05 05:30:00,NYSE:MUR,33.38,33.96,33.08,33.25,3330343.0
2016-12-06 05:30:00,NYSE:MUR,32.89,33.96,32.22,33.29,2976234.0
2016-12-07 05:30:00,NYSE:MUR,33.01,33.11,32.15,32.81,3479693.0
2016-12-08 05:30:00,NYSE:MUR,33.17,33.31,32.33,33.16,1984045.0
2016-12-09 05:30:00,NYSE:MUR,33.48,33.65,32.57,32.98,1480574.0
2016-12-12 05:30:00,NYSE:MUR,34.9,34.9,33.03,33.24,2374688.0
2016-12-13 05:30:00,NYSE:MUR,33.75,34.88,33.36,34.3,2326961.0
2016-12-14 05:30:00,NYSE:MUR,33.17,34.08,32.7,32.8,2439830.0
2016-12-15 05:30:00,NYSE:MUR,31.58,32.45,31.44,32.42,5028634.0
2016-12-16 05:30:00,NYSE:MUR,32.71,33.5401,32.529,33.2,4962059.0
2016-12-19 05:30:00,NYSE:MUR,33.32,33.39,32.57,32.87,1430813.0
2016-12-20 05:30:00,NYSE:MUR,33.13,33.5,32.855,32.97,1998069.0
2016-12-21 05:30:00,NYSE:MUR,33.49,33.61,32.62,32.67,1413611.0
2016-12-22 05:30:00,NYSE:MUR,32.55,32.8499,32.21,32.3,1368181.0
2016-12-23 05:30:00,NYSE:MUR,32.19,32.58,32.11,32.31,958732.0
2016-12-27 05:30:00,NYSE:MUR,32.47,33.02,32.45,32.81,1485937.0
2016-12-28 05:30:00,NYSE:MUR,32.85,33.04,31.89,32.03,1456164.0
2016-12-29 05:30:00,NYSE:MUR,31.91,31.9999,31.22,31.47,1840204.0
2016-12-30 05:30:00,NYSE:MUR,31.47,31.88,31.01,31.13,1685463.0
2017-01-03 05:30:00,NYSE:MUR,32.05,32.62,31.05,31.63,3122031.0
2017-01-04 05:30:00,NYSE:MUR,31.62,31.97,31.25,31.61,2433549.0
2017-01-05 05:30:00,NYSE:MUR,31.6,32.15,31.32,31.63,2542294.0
2017-01-06 05:30:00,NYSE:MUR,31.68,31.78,31.13,31.4,1524008.0
2017-01-09 05:30:00,NYSE:MUR,31.07,31.1313,30.47,30.56,1652489.0
2017-01-10 05:30:00,NYSE:MUR,30.75,31.075,30.475,30.8,2254615.0
2017-01-11 05:30:00,NYSE:MUR,31.04,31.44,30.45,31.06,1909632.0
2017-01-12 05:30:00,NYSE:MUR,31.47,31.5,30.49,30.92,1535013.0
2017-01-13 05:30:00,NYSE:MUR,30.73,31.25,30.37,31.13,1541872.0
2017-01-17 05:30:00,NYSE:MUR,31.5,31.93,31.0,31.15,1674578.0
2017-01-18 05:30:00,NYSE:MUR,30.75,31.34,30.5,31.24,2249596.0
2017-01-19 05:30:00,NYSE:MUR,31.14,32.01,31.14,31.6,3272261.0
2017-01-20 05:30:00,NYSE:MUR,31.89,32.339,31.57,31.82,3524351.0
2017-01-23 05:30:00,NYSE:MUR,31.43,31.71,31.12,31.3,1990328.0
2017-01-24 05:30:00,NYSE:MUR,31.57,32.2,31.53,31.96,2723447.0
2017-01-25 05:30:00,NYSE:MUR,31.8,32.39,31.57,32.18,3369999.0
2017-01-26 05:30:00,NYSE:MUR,30.59,32.25,30.5,31.1,6815584.0
2017-01-27 05:30:00,NYSE:MUR,30.9,30.9645,29.615,29.98,4769817.0
2017-01-30 05:30:00,NYSE:MUR,29.81,29.84,27.94,28.41,5877496.0
2017-01-31 05:30:00,NYSE:MUR,28.55,28.93,28.08,28.91,5888071.0
2017-02-01 05:30:00,NYSE:MUR,29.44,29.56,28.44,28.84,5341215.0
2017-02-02 05:30:00,NYSE:MUR,28.92,29.54,28.38,29.28,3185919.0
2017-02-03 05:30:00,NYSE:MUR,29.39,29.92,29.05,29.7,2307093.0
2017-02-06 05:30:00,NYSE:MUR,29.66,29.84,28.92,29.09,2043600.0
2017-02-07 05:30:00,NYSE:MUR,28.39,28.73,27.57,27.95,3687488.0
2017-02-08 05:30:00,NYSE:MUR,27.62,28.47,27.1501,28.27,2864215.0
2017-02-09 05:30:00,NYSE:MUR,28.29,28.6199,28.06,28.24,2475868.0
2017-02-10 05:30:00,NYSE:MUR,28.69,28.93,28.3145,28.48,2607951.0
2017-02-13 05:30:00,NYSE:MUR,28.35,28.57,27.87,28.42,2311930.0
2017-02-14 05:30:00,NYSE:MUR,28.47,28.57,28.01,28.44,2245954.0
2017-02-15 05:30:00,NYSE:MUR,28.25,28.52,28.01,28.19,1674802.0
2017-02-16 05:30:00,NYSE:MUR,28.26,28.49,27.66,27.99,2548945.0
2017-02-17 05:30:00,NYSE:MUR,27.79,28.235,27.6,28.09,2380984.0
2017-02-21 05:30:00,NYSE:MUR,28.51,28.8416,28.45,28.57,2151054.0
2017-02-22 05:30:00,NYSE:MUR,28.23,28.32,27.59,27.75,2350743.0
2017-02-23 05:30:00,NYSE:MUR,28.38,28.53,27.8,28.4,3537838.0
2017-02-24 05:30:00,NYSE:MUR,27.98,28.535,27.92,28.15,3260364.0
2017-02-27 05:30:00,NYSE:MUR,28.25,28.87,28.02,28.77,2748072.0
2017-02-28 05:30:00,NYSE:MUR,28.43,28.59,28.24,28.29,4061777.0
2017-03-01 05:30:00,NYSE:MUR,28.73,29.4,28.455,29.31,3232133.0
2017-03-02 05:30:00,NYSE:MUR,28.83,29.22,28.16,28.16,2922853.0
2017-03-03 05:30:00,NYSE:MUR,28.27,28.505,27.98,28.04,2069830.0
2017-03-06 05:30:00,NYSE:MUR,28.0,28.25,27.65,28.23,1710167.0
2017-03-07 05:30:00,NYSE:MUR,28.42,28.51,27.62,27.74,2044902.0
2017-03-08 05:30:00,NYSE:MUR,27.65,27.69,25.78,25.87,3540522.0
2017-03-09 05:30:00,NYSE:MUR,25.75,26.72,25.32,26.65,4815064.0
2017-03-10 05:30:00,NYSE:MUR,26.98,27.02,26.11,26.57,2828681.0
2017-03-13 05:30:00,NYSE:MUR,26.51,26.91,26.2,26.4,3451532.0
2017-03-14 05:30:00,NYSE:MUR,25.93,26.38,25.23,26.27,3149994.0
2017-03-15 05:30:00,NYSE:MUR,26.75,27.285,26.34,27.14,2980333.0
2017-03-16 05:30:00,NYSE:MUR,27.27,27.27,26.58,27.1,2614330.0
2017-03-17 05:30:00,NYSE:MUR,27.22,27.525,27.16,27.23,3948210.0
2017-03-20 05:30:00,NYSE:MUR,26.87,27.4,26.71,27.33,2358768.0
2017-03-21 05:30:00,NYSE:MUR,27.5,27.5,26.45,26.49,2173093.0
2017-03-22 05:30:00,NYSE:MUR,26.3,26.63,26.11,26.41,1997984.0
2017-03-23 05:30:00,NYSE:MUR,26.2,26.44,25.975,26.04,2167290.0
2017-03-24 05:30:00,NYSE:MUR,26.18,26.35,25.731,25.76,2229604.0
2017-03-27 05:30:00,NYSE:MUR,25.35,26.345,25.22,26.25,1988360.0
2017-03-28 05:30:00,NYSE:MUR,26.24,27.36,26.05,27.26,2859434.0
2017-03-29 05:30:00,NYSE:MUR,26.93,28.52,26.93,28.25,2316315.0
2017-03-30 05:30:00,NYSE:MUR,28.54,29.14,28.21,28.28,3837557.0
2017-03-31 05:30:00,NYSE:MUR,28.19,28.79,28.03,28.59,2290192.0
2017-04-03 05:30:00,NYSE:MUR,28.66,28.74,27.91,28.26,2186268.0
2017-04-04 05:30:00,NYSE:MUR,28.29,28.78,27.99,28.71,1956939.0
2017-04-05 05:30:00,NYSE:MUR,29.1,29.39,27.85,27.88,3314171.0
2017-04-06 05:30:00,NYSE:MUR,28.09,28.441,27.9,28.23,1545665.0
2017-04-07 05:30:00,NYSE:MUR,28.15,28.28,27.795,27.85,1741184.0
2017-04-10 05:30:00,NYSE:MUR,28.15,28.485,28.07,28.36,2184271.0
2017-04-11 05:30:00,NYSE:MUR,28.25,28.52,27.88,28.38,2272933.0
2017-04-12 05:30:00,NYSE:MUR,28.43,29.09,27.96,28.1,3050384.0
2017-04-13 05:30:00,NYSE:MUR,27.95,28.37,27.46,27.56,2396690.0
2017-04-17 05:30:00,NYSE:MUR,27.53,27.97,27.53,27.93,2019816.0
2017-04-18 05:30:00,NYSE:MUR,27.67,28.3,27.48,27.74,1986401.0
2017-04-19 05:30:00,NYSE:MUR,27.84,28.02,26.8,26.88,2269399.0
2017-04-20 05:30:00,NYSE:MUR,27.0,27.38,26.75,26.77,2163408.0
2017-04-21 05:30:00,NYSE:MUR,26.61,27.265,26.46,26.97,3986913.0
2017-04-24 05:30:00,NYSE:MUR,27.27,27.35,26.69,26.74,3737531.0
2017-04-25 05:30:00,NYSE:MUR,26.78,27.41,26.56,27.35,2144504.0
2017-04-26 05:30:00,NYSE:MUR,27.12,28.195,27.03,27.21,2989756.0
2017-04-27 05:30:00,NYSE:MUR,26.89,26.95,25.885,26.45,4863551.0
2017-04-28 05:30:00,NYSE:MUR,26.75,26.78,26.15,26.18,2452865.0
2017-05-01 05:30:00,NYSE:MUR,26.16,26.39,26.0,26.09,2658517.0
2017-05-02 05:30:00,NYSE:MUR,26.14,26.48,25.645,25.91,2620384.0
2017-05-03 05:30:00,NYSE:MUR,25.64,26.12,25.34,25.7,3051492.0
2017-05-04 05:30:00,NYSE:MUR,25.44,25.53,24.03,25.3,7249528.0
2017-05-05 05:30:00,NYSE:MUR,25.38,26.25,25.217,26.18,4450173.0
2017-05-08 05:30:00,NYSE:MUR,26.11,26.98,25.98,26.8,3601067.0
2017-05-09 05:30:00,NYSE:MUR,26.87,26.89,26.32,26.63,2218693.0
2017-05-10 05:30:00,NYSE:MUR,26.98,27.83,26.735,27.4,2872843.0
2017-05-11 05:30:00,NYSE:MUR,27.42,27.54,26.78,26.93,2090916.0
2017-05-12 05:30:00,NYSE:MUR,26.92,26.98,26.4,26.58,2362568.0
2017-05-15 05:30:00,NYSE:MUR,27.35,27.53,26.35,26.62,2760761.0
2017-05-16 05:30:00,NYSE:MUR,26.86,26.9,26.09,26.18,2475228.0
2017-05-17 05:30:00,NYSE:MUR,25.78,26.5,25.7,25.98,2198444.0
2017-05-18 05:30:00,NYSE:MUR,25.84,26.17,25.47,25.91,2457350.0
2017-05-19 05:30:00,NYSE:MUR,26.14,26.88,26.06,26.82,1836389.0
2017-05-22 05:30:00,NYSE:MUR,27.04,27.1199,26.6,26.77,2416746.0
2017-05-23 05:30:00,NYSE:MUR,26.77,26.81,26.365,26.46,2502262.0
2017-05-24 05:30:00,NYSE:MUR,26.3,26.8432,26.005,26.24,2966502.0
2017-05-25 05:30:00,NYSE:MUR,26.17,26.72,24.98,25.15,2943277.0
2017-05-26 05:30:00,NYSE:MUR,25.2,25.47,24.94,25.31,2192109.0
2017-05-30 05:30:00,NYSE:MUR,24.98,25.13,24.63,24.67,2283245.0
2017-05-31 05:30:00,NYSE:MUR,24.19,24.425,23.8,24.41,4570287.0
2017-06-01 05:30:00,NYSE:MUR,24.48,25.07,24.13,24.77,2336900.0
2017-06-02 05:30:00,NYSE:MUR,24.51,24.58,23.89,24.06,2087382.0
2017-06-05 05:30:00,NYSE:MUR,23.93,24.46,23.76,24.22,2280067.0
2017-06-06 05:30:00,NYSE:MUR,24.13,24.97,23.95,24.82,2795162.0
2017-06-07 05:30:00,NYSE:MUR,24.57,24.84,23.61,24.12,3820843.0
2017-06-08 05:30:00,NYSE:MUR,23.89,24.545,23.89,24.07,3291835.0
2017-06-09 05:30:00,NYSE:MUR,24.16,25.37,24.11,25.21,2467554.0
2017-06-12 05:30:00,NYSE:MUR,25.59,26.0,25.0,25.59,3519577.0
2017-06-13 05:30:00,NYSE:MUR,25.61,26.39,25.52,26.31,3356779.0
2017-06-14 05:30:00,NYSE:MUR,26.06,26.06,24.73,24.89,3587070.0
2017-06-15 05:30:00,NYSE:MUR,24.76,25.24,24.1,24.33,3982451.0
2017-06-16 05:30:00,NYSE:MUR,24.51,25.37,23.95,25.36,5663078.0
2017-06-19 05:30:00,NYSE:MUR,25.36,25.83,25.26,25.42,2531027.0
2017-06-20 05:30:00,NYSE:MUR,24.95,25.15,24.32,24.85,2868851.0
2017-06-21 05:30:00,NYSE:MUR,24.76,25.14,23.98,24.65,3761843.0
2017-06-22 05:30:00,NYSE:MUR,24.82,25.31,24.451,24.52,2694155.0
2017-06-23 05:30:00,NYSE:MUR,24.59,25.05,24.51,24.85,3152061.0
2017-06-26 05:30:00,NYSE:MUR,24.86,24.97,24.33,24.4,4528970.0
2017-06-27 05:30:00,NYSE:MUR,24.52,24.81,24.21,24.25,2806055.0
2017-06-28 05:30:00,NYSE:MUR,24.36,25.32,24.2953,24.78,3426314.0
2017-06-29 05:30:00,NYSE:MUR,24.94,26.13,24.94,25.65,5718866.0
2017-06-30 05:30:00,NYSE:MUR,25.89,26.15,25.27,25.63,4166998.0
2017-07-03 05:30:00,NYSE:MUR,25.8,26.47,25.8,26.25,1200296.0
2017-07-05 05:30:00,NYSE:MUR,25.94,26.09,24.93,25.29,3609594.0
2017-07-06 05:30:00,NYSE:MUR,25.47,25.68,24.725,24.8,2877069.0
2017-07-07 05:30:00,NYSE:MUR,24.63,24.78,24.0522,24.47,2786790.0
2017-07-10 05:30:00,NYSE:MUR,24.27,24.78,24.22,24.6,2342364.0
2017-07-11 05:30:00,NYSE:MUR,24.44,24.865,23.91,24.58,2808684.0
2017-07-12 05:30:00,NYSE:MUR,25.03,25.37,24.57,24.72,1877735.0
2017-07-13 05:30:00,NYSE:MUR,24.69,25.02,24.36,24.99,2437715.0
2017-07-14 05:30:00,NYSE:MUR,25.07,25.49,25.0,25.42,2280620.0
2017-07-17 05:30:00,NYSE:MUR,25.17,25.565,25.05,25.14,2954341.0
2017-07-18 05:30:00,NYSE:MUR,25.37,25.47,24.495,24.67,2165568.0
2017-07-19 05:30:00,NYSE:MUR,24.57,26.35,24.48,26.33,3653739.0
2017-07-20 05:30:00,NYSE:MUR,26.53,26.56,25.7,25.84,4046473.0
2017-07-21 05:30:00,NYSE:MUR,25.86,25.91,25.28,25.36,3308955.0
2017-07-24 05:30:00,NYSE:MUR,25.52,25.6,24.8,24.96,3279501.0
2017-07-25 05:30:00,NYSE:MUR,25.6,26.11,25.49,25.72,39195329.0
2017-07-26 05:30:00,NYSE:MUR,26.07,26.32,25.355,25.57,6050403.0
2017-07-27 05:30:00,NYSE:MUR,25.58,26.56,25.5,26.54,4404213.0
2017-07-28 05:30:00,NYSE:MUR,26.54,27.71,26.45,27.14,5726232.0
2017-07-31 05:30:00,NYSE:MUR,27.06,27.06,26.17,26.58,4318326.0
2017-08-01 05:30:00,NYSE:MUR,26.56,26.64,25.83,26.28,4402978.0
2017-08-02 05:30:00,NYSE:MUR,25.97,26.37,25.6,25.68,4933495.0
2017-08-03 05:30:00,NYSE:MUR,26.33,26.63,25.264,25.72,4492150.0
2017-08-04 05:30:00,NYSE:MUR,25.8,26.63,25.655,26.43,2617529.0
2017-08-07 05:30:00,NYSE:MUR,26.24,26.49,25.78,25.87,2358367.0
2017-08-08 05:30:00,NYSE:MUR,25.79,26.69,25.71,25.95,3352344.0
2017-08-09 05:30:00,NYSE:MUR,26.13,26.26,25.86,26.13,3805267.0
2017-08-10 05:30:00,NYSE:MUR,26.04,26.56,25.59,25.67,3290944.0
2017-08-11 05:30:00,NYSE:MUR,25.47,25.85,25.25,25.56,2701970.0
2017-08-14 05:30:00,NYSE:MUR,25.64,25.945,25.19,25.22,2024097.0
2017-08-15 05:30:00,NYSE:MUR,25.07,25.13,24.36,25.01,2215394.0
2017-08-16 05:30:00,NYSE:MUR,25.02,25.31,24.6,24.64,1420371.0
2017-08-17 05:30:00,NYSE:MUR,24.48,24.77,24.07,24.08,2018896.0
2017-08-18 05:30:00,NYSE:MUR,23.98,24.34,23.7199,24.03,2415874.0
2017-08-21 05:30:00,NYSE:MUR,23.92,24.03,22.96,23.17,3207532.0
2017-08-22 05:30:00,NYSE:MUR,23.24,23.4,23.05,23.11,2248987.0
2017-08-23 05:30:00,NYSE:MUR,23.01,23.51,22.72,23.32,2782975.0
2017-08-24 05:30:00,NYSE:MUR,23.25,23.42,23.08,23.32,1444929.0
2017-08-25 05:30:00,NYSE:MUR,23.41,23.41,23.075,23.15,1978515.0
2017-08-28 05:30:00,NYSE:MUR,23.17,23.2,22.28,22.75,2236647.0
2017-08-29 05:30:00,NYSE:MUR,22.52,22.75,22.37,22.63,1782051.0
2017-08-30 05:30:00,NYSE:MUR,22.5,22.69,22.21,22.63,2304614.0
2017-08-31 05:30:00,NYSE:MUR,22.84,23.06,22.65,22.66,2229306.0
2017-09-01 05:30:00,NYSE:MUR,22.74,23.46,22.6,23.34,1614373.0
2017-09-05 05:30:00,NYSE:MUR,23.68,23.85,23.28,23.5,2041547.0
2017-09-06 05:30:00,NYSE:MUR,23.71,24.53,23.71,24.51,2270153.0
2017-09-07 05:30:00,NYSE:MUR,24.38,24.865,24.32,24.79,2418302.0
2017-09-08 05:30:00,NYSE:MUR,24.69,24.7,23.29,23.46,2878698.0
2017-09-11 05:30:00,NYSE:MUR,23.52,23.76,23.36,23.45,3103623.0
2017-09-12 05:30:00,NYSE:MUR,23.51,24.65,23.51,24.41,2290939.0
2017-09-13 05:30:00,NYSE:MUR,24.48,25.48,24.48,25.35,3003066.0
2017-09-14 05:30:00,NYSE:MUR,25.55,26.18,25.4,25.53,3293885.0
2017-09-15 05:30:00,NYSE:MUR,25.56,25.68,25.17,25.44,3293755.0
2017-09-18 05:30:00,NYSE:MUR,25.29,26.035,25.255,25.82,2377260.0
2017-09-19 05:30:00,NYSE:MUR,25.91,26.04,25.41,25.67,1768520.0
2017-09-20 05:30:00,NYSE:MUR,25.87,26.191,25.74,26.09,1596283.0
2017-09-21 05:30:00,NYSE:MUR,26.04,26.48,25.79,26.29,1714082.0
2017-09-22 05:30:00,NYSE:MUR,26.21,26.415,26.01,26.19,1486169.0
2017-09-25 05:30:00,NYSE:MUR,26.46,26.805,26.34,26.73,1688835.0
2017-09-26 05:30:00,NYSE:MUR,26.57,27.125,26.32,27.08,1898330.0
2017-09-27 05:30:00,NYSE:MUR,27.14,27.45,26.83,27.43,1676761.0
2017-09-28 05:30:00,NYSE:MUR,27.43,27.67,26.92,26.99,1331426.0
2017-09-29 05:30:00,NYSE:MUR,26.82,26.85,26.17,26.56,2224170.0
2017-10-02 05:30:00,NYSE:MUR,25.93,26.6,25.72,26.59,1769662.0
2017-10-03 05:30:00,NYSE:MUR,26.53,26.65,26.25,26.61,1379438.0
2017-10-04 05:30:00,NYSE:MUR,26.72,27.04,26.45,26.79,1700405.0
2017-10-05 05:30:00,NYSE:MUR,26.91,27.17,26.61,26.68,1621467.0
2017-10-06 05:30:00,NYSE:MUR,26.13,26.38,25.94,26.04,1330600.0
2017-10-09 05:30:00,NYSE:MUR,26.18,26.43,25.94,26.08,1436627.0
2017-10-10 05:30:00,NYSE:MUR,26.39,26.49,25.8,25.86,1786341.0
2017-10-11 05:30:00,NYSE:MUR,25.9,25.98,25.47,25.75,1164046.0
2017-10-12 05:30:00,NYSE:MUR,25.42,25.79,25.27,25.72,1537924.0
2017-10-13 05:30:00,NYSE:MUR,26.09,26.29,25.54,25.64,2003357.0
2017-10-16 05:30:00,NYSE:MUR,25.81,26.165,25.7099,26.0,1678509.0
2017-10-17 05:30:00,NYSE:MUR,25.99,26.13,25.51,25.93,1592144.0
2017-10-18 05:30:00,NYSE:MUR,26.0,26.395,25.74,25.76,1903363.0
2017-10-19 05:30:00,NYSE:MUR,25.58,25.9,25.37,25.76,1596208.0
2017-10-20 05:30:00,NYSE:MUR,25.87,25.97,25.55,25.73,1637840.0
2017-10-23 05:30:00,NYSE:MUR,25.89,25.925,25.51,25.59,2991594.0
2017-10-24 05:30:00,NYSE:MUR,25.82,25.93,25.31,25.42,1871338.0
2017-10-25 05:30:00,NYSE:MUR,25.39,25.46,24.55,25.02,2124303.0
2017-10-26 05:30:00,NYSE:MUR,24.85,25.14,24.55,25.07,1851958.0
2017-10-27 05:30:00,NYSE:MUR,24.81,25.57,24.52,25.57,1933774.0
2017-10-30 05:30:00,NYSE:MUR,25.76,26.17,25.551,26.15,2222354.0
2017-10-31 05:30:00,NYSE:MUR,26.17,26.84,25.89,26.75,2751459.0
2017-11-01 05:30:00,NYSE:MUR,27.11,27.78,26.9,27.39,3466358.0
2017-11-02 05:30:00,NYSE:MUR,26.87,27.82,26.5,27.82,3462060.0
2017-11-03 05:30:00,NYSE:MUR,27.69,28.03,27.38,27.6,2552706.0
2017-11-06 05:30:00,NYSE:MUR,27.85,29.165,27.8,29.15,2854862.0
2017-11-07 05:30:00,NYSE:MUR,29.33,29.665,29.06,29.24,2335781.0
2017-11-08 05:30:00,NYSE:MUR,29.03,29.47,28.725,29.04,2499885.0
2017-11-09 05:30:00,NYSE:MUR,29.03,29.97,29.0,29.8,2622031.0
2017-11-10 05:30:00,NYSE:MUR,29.55,29.59,28.865,29.14,2305719.0
2017-11-13 05:30:00,NYSE:MUR,28.98,29.23,28.8,28.95,1997309.0
2017-11-14 05:30:00,NYSE:MUR,28.62,28.67,27.51,27.79,4032434.0
2017-11-15 05:30:00,NYSE:MUR,27.32,27.92,26.6,27.59,2175033.0
2017-11-16 05:30:00,NYSE:MUR,27.58,27.82,27.245,27.75,1913079.0
2017-11-17 05:30:00,NYSE:MUR,27.89,28.07,27.72,27.99,2012211.0
2017-11-20 05:30:00,NYSE:MUR,27.93,28.03,27.66,27.89,1734991.0
2017-11-21 05:30:00,NYSE:MUR,27.97,28.12,27.455,27.79,1959424.0
2017-11-22 05:30:00,NYSE:MUR,28.15,28.305,27.93,28.2,1585312.0
2017-11-24 05:30:00,NYSE:MUR,28.54,28.89,28.37,28.67,1063888.0
2017-11-27 05:30:00,NYSE:MUR,28.43,28.43,27.75,27.79,1975428.0
2017-11-28 05:30:00,NYSE:MUR,28.19,28.3,27.62,28.13,1805290.0
2017-11-29 05:30:00,NYSE:MUR,28.09,28.4652,27.86,28.12,2653394.0
2017-11-30 05:30:00,NYSE:MUR,28.22,29.02,27.94,27.95,12342223.0
2017-12-01 05:30:00,NYSE:MUR,28.29,29.53,28.18,29.23,4388966.0
2017-12-04 05:30:00,NYSE:MUR,29.14,29.76,28.81,28.9,2726467.0
2017-12-05 05:30:00,NYSE:MUR,28.84,29.14,28.64,28.94,1640701.0
2017-12-06 05:30:00,NYSE:MUR,28.72,28.82,28.0999,28.21,1796818.0
2017-12-07 05:30:00,NYSE:MUR,28.14,28.41,28.025,28.1,1436761.0
2017-12-08 05:30:00,NYSE:MUR,28.47,28.67,28.21,28.44,1415752.0
2017-12-11 05:30:00,NYSE:MUR,28.55,28.94,28.54,28.85,1165826.0
2017-12-12 05:30:00,NYSE:MUR,28.96,29.01,28.31,28.62,1526567.0
2017-12-13 05:30:00,NYSE:MUR,28.53,28.71,28.3,28.3,1542949.0
2017-12-14 05:30:00,NYSE:MUR,28.28,28.73,28.19,28.42,1517657.0
2017-12-15 05:30:00,NYSE:MUR,28.64,28.8,27.92,27.93,4357567.0
2017-12-18 05:30:00,NYSE:MUR,28.14,29.05,28.12,28.87,2282420.0
2017-12-19 05:30:00,NYSE:MUR,28.95,29.45,28.8,29.1,1242572.0
2017-12-20 05:30:00,NYSE:MUR,29.29,29.89,29.06,29.8,1915323.0
2017-12-21 05:30:00,NYSE:MUR,29.79,30.68,29.6,30.59,1926440.0
2017-12-22 05:30:00,NYSE:MUR,30.8,31.405,30.4,31.16,1307278.0
2017-12-26 05:30:00,NYSE:MUR,31.24,32.13,31.1999,31.98,1458868.0
2017-12-27 05:30:00,NYSE:MUR,31.78,31.9,31.46,31.59,1358302.0
2017-12-28 05:30:00,NYSE:MUR,31.67,31.85,31.411,31.65,1229362.0
2017-12-29 05:30:00,NYSE:MUR,31.78,31.8198,31.04,31.05,1910009.0
2018-01-02 05:30:00,NYSE:MUR,31.31,32.15,31.14,32.15,2186789.0
2018-01-03 05:30:00,NYSE:MUR,32.32,32.865,32.21,32.44,1703826.0
2018-01-04 05:30:00,NYSE:MUR,32.54,32.8,32.08,32.78,1912238.0
2018-01-05 05:30:00,NYSE:MUR,32.54,33.09,32.16,33.05,2241987.0
2018-01-08 05:30:00,NYSE:MUR,33.04,33.5,32.51,33.32,2683368.0
2018-01-09 05:30:00,NYSE:MUR,33.47,33.72,33.06,33.67,2708002.0
2018-01-10 05:30:00,NYSE:MUR,33.91,34.06,33.37,33.67,2243850.0
2018-01-11 05:30:00,NYSE:MUR,33.95,35.0,33.74,34.27,3107884.0
2018-01-12 05:30:00,NYSE:MUR,33.9,34.68,33.9,34.61,1889062.0
2018-01-16 05:30:00,NYSE:MUR,34.49,34.93,34.03,34.07,1891851.0
2018-01-17 05:30:00,NYSE:MUR,34.4,35.16,34.02,34.95,2071100.0
2018-01-18 05:30:00,NYSE:MUR,34.88,35.089,34.25,34.69,1948564.0
2018-01-19 05:30:00,NYSE:MUR,34.38,34.43,34.02,34.3,1349153.0
2018-01-22 05:30:00,NYSE:MUR,34.29,34.7,33.99,34.68,2341804.0
2018-01-23 05:30:00,NYSE:MUR,34.9,35.12,34.33,34.7,1297858.0
2018-01-24 05:30:00,NYSE:MUR,34.91,35.03,34.4,34.77,1955120.0
2018-01-25 05:30:00,NYSE:MUR,35.0,35.0,34.11,34.21,1626032.0
2018-01-26 05:30:00,NYSE:MUR,34.43,34.79,34.16,34.79,1421008.0
2018-01-29 05:30:00,NYSE:MUR,34.36,34.68,33.72,33.81,2604061.0
2018-01-30 05:30:00,NYSE:MUR,33.33,33.41,32.2,32.6,3952669.0
2018-01-31 05:30:00,NYSE:MUR,32.72,33.03,31.86,32.1,3844077.0
2018-02-01 05:30:00,NYSE:MUR,31.66,31.87,30.27,31.46,4761377.0
2018-02-02 05:30:00,NYSE:MUR,31.01,31.13,29.41,29.49,3720600.0
2018-02-05 05:30:00,NYSE:MUR,29.11,29.67,28.13,28.33,4625161.0
2018-02-06 05:30:00,NYSE:MUR,27.64,29.415,27.43,29.11,3885922.0
2018-02-07 05:30:00,NYSE:MUR,29.09,29.57,28.27,28.28,3875788.0
2018-02-08 05:30:00,NYSE:MUR,28.3,28.44,26.67,26.69,3075281.0
2018-02-09 05:30:00,NYSE:MUR,26.98,27.13,25.56,26.34,3999189.0
2018-02-12 05:30:00,NYSE:MUR,26.99,27.53,26.65,27.3,2264023.0
2018-02-13 05:30:00,NYSE:MUR,27.0,27.17,26.01,26.21,2713130.0
2018-02-14 05:30:00,NYSE:MUR,25.88,27.55,25.71,27.22,3128057.0
2018-02-15 05:30:00,NYSE:MUR,27.25,27.27,26.05,27.11,2610404.0
2018-02-16 05:30:00,NYSE:MUR,26.71,26.945,26.28,26.59,2031229.0
2018-02-20 05:30:00,NYSE:MUR,26.65,26.88,26.245,26.35,1788303.0
2018-02-21 05:30:00,NYSE:MUR,26.14,26.2167,25.16,25.18,3148152.0
2018-02-22 05:30:00,NYSE:MUR,25.45,26.44,25.16,26.12,2936832.0
2018-02-23 05:30:00,NYSE:MUR,26.31,26.52,25.79,26.37,2196336.0
2018-02-26 05:30:00,NYSE:MUR,26.46,26.535,25.85,26.44,2190457.0
2018-02-27 05:30:00,NYSE:MUR,26.31,26.87,25.75,25.75,2723102.0
2018-02-28 05:30:00,NYSE:MUR,25.88,26.04,25.31,25.35,2676347.0
2018-03-01 05:30:00,NYSE:MUR,25.37,26.1,25.27,25.82,2162792.0
2018-03-02 05:30:00,NYSE:MUR,25.75,26.43,25.36,26.38,2034262.0
2018-03-05 05:30:00,NYSE:MUR,26.21,26.81,26.13,26.42,1723675.0
2018-03-06 05:30:00,NYSE:MUR,26.63,26.67,25.97,26.03,1381265.0
2018-03-07 05:30:00,NYSE:MUR,25.75,25.93,25.025,25.17,2098511.0
2018-03-08 05:30:00,NYSE:MUR,25.27,25.28,24.4799,24.72,2244803.0
2018-03-09 05:30:00,NYSE:MUR,25.01,25.41,24.99,25.31,1613340.0
2018-03-12 05:30:00,NYSE:MUR,25.23,25.64,25.16,25.51,1280243.0
2018-03-13 05:30:00,NYSE:MUR,25.57,25.765,25.44,25.65,1941836.0
2018-03-14 05:30:00,NYSE:MUR,25.91,25.95,25.67,25.69,1625168.0
2018-03-15 05:30:00,NYSE:MUR,25.84,26.04,25.19,25.26,1440446.0
2018-03-16 05:30:00,NYSE:MUR,25.35,26.03,25.21,25.91,1833747.0
2018-03-19 05:30:00,NYSE:MUR,25.6,25.76,24.83,24.97,1518342.0
2018-03-20 05:30:00,NYSE:MUR,25.11,25.52,25.1,25.2,1730198.0
2018-03-21 05:30:00,NYSE:MUR,25.4,26.75,25.29,26.67,2201449.0
2018-03-22 05:30:00,NYSE:MUR,26.34,26.47,25.66,25.68,1771043.0
2018-03-23 05:30:00,NYSE:MUR,25.83,26.37,25.59,25.81,1998267.0
2018-03-26 05:30:00,NYSE:MUR,26.18,26.18,25.5,25.91,1432960.0
2018-03-27 05:30:00,NYSE:MUR,25.98,26.08,25.435,25.72,2034299.0
2018-03-28 05:30:00,NYSE:MUR,25.72,26.01,25.35,25.37,2043624.0
2018-03-29 05:30:00,NYSE:MUR,25.51,26.0,25.15,25.84,3668958.0
2018-04-02 05:30:00,NYSE:MUR,25.81,25.87,24.39,25.14,2898506.0
2018-04-03 05:30:00,NYSE:MUR,25.35,25.78,24.95,25.73,1866973.0
2018-04-04 05:30:00,NYSE:MUR,25.29,26.11,25.14,26.03,2434804.0
2018-04-05 05:30:00,NYSE:MUR,26.12,27.14,26.11,26.95,1823061.0
2018-04-06 05:30:00,NYSE:MUR,26.75,27.14,26.04,26.56,1931373.0
2018-04-09 05:30:00,NYSE:MUR,26.75,27.39,26.63,26.95,1854650.0
2018-04-10 05:30:00,NYSE:MUR,27.58,28.47,27.42,28.17,2305641.0
2018-04-11 05:30:00,NYSE:MUR,28.12,28.82,27.87,28.66,1954178.0
2018-04-12 05:30:00,NYSE:MUR,28.66,28.9,28.3,28.4,2053666.0
2018-04-13 05:30:00,NYSE:MUR,28.8,28.87,28.5,28.71,2034825.0
2018-04-16 05:30:00,NYSE:MUR,28.68,29.02,28.24,28.67,2452622.0
2018-04-17 05:30:00,NYSE:MUR,28.52,28.94,28.3,28.83,1342224.0
2018-04-18 05:30:00,NYSE:MUR,29.11,31.12,29.11,30.79,3608926.0
2018-04-19 05:30:00,NYSE:MUR,31.24,31.31,30.39,30.59,3786400.0
2018-04-20 05:30:00,NYSE:MUR,30.44,30.7822,30.06,30.38,2468532.0
2018-04-23 05:30:00,NYSE:MUR,30.08,30.67,29.82,30.59,1728233.0
2018-04-24 05:30:00,NYSE:MUR,30.75,31.06,29.68,30.13,2670862.0
2018-04-25 05:30:00,NYSE:MUR,30.11,30.81,29.92,30.8,1618453.0
2018-04-26 05:30:00,NYSE:MUR,31.0,31.09,30.36,30.51,1896827.0
2018-04-27 05:30:00,NYSE:MUR,30.24,30.53,29.88,30.01,1701800.0
2018-04-30 05:30:00,NYSE:MUR,29.92,30.4,29.86,30.11,1720718.0
2018-05-01 05:30:00,NYSE:MUR,29.93,30.06,29.335,29.63,1811011.0
2018-05-02 05:30:00,NYSE:MUR,29.6,30.19,29.43,29.82,2364222.0
2018-05-03 05:30:00,NYSE:MUR,29.52,29.615,28.15,28.32,3159125.0
2018-05-04 05:30:00,NYSE:MUR,28.35,29.28,28.35,29.16,2564193.0
2018-05-07 05:30:00,NYSE:MUR,29.58,30.59,29.27,29.36,3039425.0
2018-05-08 05:30:00,NYSE:MUR,29.22,29.69,28.12,29.69,2845880.0
2018-05-09 05:30:00,NYSE:MUR,30.29,31.04,30.24,30.29,2116203.0
2018-05-10 05:30:00,NYSE:MUR,30.42,30.6,30.16,30.43,1153190.0
2018-05-11 05:30:00,NYSE:MUR,30.19,30.46,29.98,30.01,1207724.0
2018-05-14 05:30:00,NYSE:MUR,30.07,30.75,30.07,30.58,1723268.0
2018-05-15 05:30:00,NYSE:MUR,30.45,30.9,30.19,30.85,1268906.0
2018-05-16 05:30:00,NYSE:MUR,30.79,31.18,30.46,31.16,1248386.0
2018-05-17 05:30:00,NYSE:MUR,31.3,32.13,31.17,31.87,1809015.0
2018-05-18 05:30:00,NYSE:MUR,31.84,31.875,31.25,31.31,1501712.0
2018-05-21 05:30:00,NYSE:MUR,31.76,32.18,31.54,32.16,1596934.0
2018-05-22 05:30:00,NYSE:MUR,32.28,32.77,31.64,31.67,2265996.0
2018-05-23 05:30:00,NYSE:MUR,31.49,31.86,31.005,31.63,1413709.0
2018-05-24 05:30:00,NYSE:MUR,30.94,31.31,30.68,31.08,1263609.0
2018-05-25 05:30:00,NYSE:MUR,30.31,30.31,29.06,29.3,1917567.0
2018-05-29 05:30:00,NYSE:MUR,28.92,29.71,28.85,29.52,2089649.0
2018-05-30 05:30:00,NYSE:MUR,29.85,31.03,29.78,30.9,1690657.0
2018-05-31 05:30:00,NYSE:MUR,30.59,31.21,30.33,30.75,1847211.0
2018-06-01 05:30:00,NYSE:MUR,30.84,31.74,30.73,31.6,2726427.0
2018-06-04 05:30:00,NYSE:MUR,31.8,32.46,31.405,31.66,4606712.0
2018-06-05 05:30:00,NYSE:MUR,31.47,33.23,31.17,32.28,4776409.0
2018-06-06 05:30:00,NYSE:MUR,32.43,33.56,32.36,32.98,5047629.0
2018-06-07 05:30:00,NYSE:MUR,33.15,33.94,33.15,33.57,2338545.0
2018-06-08 05:30:00,NYSE:MUR,33.47,34.11,33.04,33.74,4355670.0
2018-06-11 05:30:00,NYSE:MUR,33.83,34.88,33.67,34.48,3441547.0
2018-06-12 05:30:00,NYSE:MUR,34.5,34.64,33.095,33.24,3919136.0
2018-06-13 05:30:00,NYSE:MUR,33.16,33.81,32.88,33.58,1887586.0
2018-06-14 05:30:00,NYSE:MUR,33.95,34.15,33.28,33.51,1942625.0
2018-06-15 05:30:00,NYSE:MUR,33.13,33.32,32.69,32.77,4007820.0
2018-06-18 05:30:00,NYSE:MUR,32.87,34.29,32.86,33.83,2180212.0
2018-06-19 05:30:00,NYSE:MUR,33.14,34.3399,33.01,34.1,1801412.0
2018-06-20 05:30:00,NYSE:MUR,34.59,35.43,34.43,35.07,2743471.0
2018-06-21 05:30:00,NYSE:MUR,34.86,34.91,34.03,34.16,2172359.0
2018-06-22 05:30:00,NYSE:MUR,35.44,35.98,34.07,34.2,4746845.0
2018-06-25 05:30:00,NYSE:MUR,34.2,34.37,32.5,32.65,2575086.0
2018-06-26 05:30:00,NYSE:MUR,32.8,33.3,32.41,33.15,2741035.0
2018-06-27 05:30:00,NYSE:MUR,33.82,34.36,33.635,33.84,3551475.0
2018-06-28 05:30:00,NYSE:MUR,33.94,34.07,33.21,33.7,2536483.0
2018-06-29 05:30:00,NYSE:MUR,33.89,34.66,33.76,33.77,2111909.0
2018-07-02 05:30:00,NYSE:MUR,33.36,33.43,32.79,33.04,1560711.0
2018-07-03 05:30:00,NYSE:MUR,33.59,34.12,33.23,33.54,982544.0
2018-07-05 05:30:00,NYSE:MUR,33.82,33.87,32.86,33.14,1736761.0
2018-07-06 05:30:00,NYSE:MUR,32.78,33.18,32.72,33.08,2714599.0
2018-07-09 05:30:00,NYSE:MUR,33.4,33.98,33.23,33.97,2518351.0
2018-07-10 05:30:00,NYSE:MUR,34.26,34.8698,33.945,34.21,2017487.0
2018-07-11 05:30:00,NYSE:MUR,33.82,34.26,33.04,33.2,1427260.0
2018-07-12 05:30:00,NYSE:MUR,33.21,33.45,32.54,32.96,1385420.0
2018-07-13 05:30:00,NYSE:MUR,33.0,33.39,32.91,33.0,1107787.0
2018-07-16 05:30:00,NYSE:MUR,32.5,32.79,31.44,31.71,1869227.0
2018-07-17 05:30:00,NYSE:MUR,31.47,32.1,31.39,31.81,1308427.0
2018-07-18 05:30:00,NYSE:MUR,31.55,32.48,31.2774,32.29,2105369.0
2018-07-19 05:30:00,NYSE:MUR,32.25,32.62,32.04,32.09,1711521.0
2018-07-20 05:30:00,NYSE:MUR,32.13,32.13,31.06,31.65,1709951.0
2018-07-23 05:30:00,NYSE:MUR,31.86,31.98,31.52,31.62,980821.0
2018-07-24 05:30:00,NYSE:MUR,31.88,32.62,31.71,32.29,1553250.0
2018-07-25 05:30:00,NYSE:MUR,32.03,32.88,31.96,32.81,1198950.0
2018-07-26 05:30:00,NYSE:MUR,32.78,33.09,32.625,32.96,1024667.0
2018-07-27 05:30:00,NYSE:MUR,32.86,33.06,32.17,32.27,788784.0
2018-07-30 05:30:00,NYSE:MUR,32.72,33.07,32.65,32.9,963913.0
2018-07-31 05:30:00,NYSE:MUR,32.88,33.45,32.46,33.26,1116549.0
2018-08-01 05:30:00,NYSE:MUR,32.82,33.08,32.27,32.67,1405578.0
2018-08-02 05:30:00,NYSE:MUR,32.36,32.99,32.3556,32.83,745865.0
2018-08-03 05:30:00,NYSE:MUR,32.72,33.15,32.56,33.07,1413615.0
2018-08-06 05:30:00,NYSE:MUR,33.2,33.38,32.88,33.07,1371312.0
2018-08-07 05:30:00,NYSE:MUR,33.57,33.9,33.162,33.38,900425.0
2018-08-08 05:30:00,NYSE:MUR,33.12,33.48,31.94,32.51,2022253.0
2018-08-09 05:30:00,NYSE:MUR,32.5,32.5,29.34,30.16,4924679.0
2018-08-10 05:30:00,NYSE:MUR,29.9,31.12,29.85,31.06,2047638.0
2018-08-13 05:30:00,NYSE:MUR,30.95,31.39,30.63,30.67,2499129.0
2018-08-14 05:30:00,NYSE:MUR,31.14,31.45,30.44,30.5,1747895.0
2018-08-15 05:30:00,NYSE:MUR,30.21,30.21,29.14,29.89,1731130.0
2018-08-16 05:30:00,NYSE:MUR,30.07,30.18,29.58,29.91,1024113.0
2018-08-17 05:30:00,NYSE:MUR,29.87,30.06,29.33,29.46,1179776.0
2018-08-20 05:30:00,NYSE:MUR,29.4,29.9595,29.25,29.85,1337004.0
2018-08-21 05:30:00,NYSE:MUR,30.2,30.72,30.17,30.31,1069011.0
2018-08-22 05:30:00,NYSE:MUR,30.72,31.085,30.48,30.88,1134270.0
2018-08-23 05:30:00,NYSE:MUR,30.68,30.91,30.45,30.66,1546732.0
2018-08-24 05:30:00,NYSE:MUR,31.01,31.74,30.95,31.41,1476253.0
2018-08-27 05:30:00,NYSE:MUR,31.41,31.6927,31.18,31.23,893966.0
2018-08-28 05:30:00,NYSE:MUR,31.14,31.38,30.4,30.49,990327.0
2018-08-29 05:30:00,NYSE:MUR,30.86,31.415,30.6,31.27,888022.0
2018-08-30 05:30:00,NYSE:MUR,31.37,31.69,31.05,31.52,939360.0
2018-08-31 05:30:00,NYSE:MUR,31.36,31.36,30.67,30.83,1292254.0
2018-09-04 05:30:00,NYSE:MUR,31.01,31.09,29.93,30.05,1021028.0
2018-09-05 05:30:00,NYSE:MUR,29.82,30.44,29.46,30.36,1482705.0
2018-09-06 05:30:00,NYSE:MUR,30.29,30.36,29.72,29.8,2313249.0
2018-09-07 05:30:00,NYSE:MUR,29.54,29.845,29.13,29.71,957431.0
2018-09-10 05:30:00,NYSE:MUR,29.85,30.025,29.61,29.75,1013043.0
2018-09-11 05:30:00,NYSE:MUR,29.65,30.97,29.46,30.89,2534698.0
2018-09-12 05:30:00,NYSE:MUR,31.42,31.51,30.95,31.28,939574.0
2018-09-13 05:30:00,NYSE:MUR,31.12,31.25,30.45,30.75,945857.0
2018-09-14 05:30:00,NYSE:MUR,30.81,31.29,30.75,30.93,772571.0
2018-09-17 05:30:00,NYSE:MUR,31.03,31.39,30.82,30.97,849479.0
2018-09-18 05:30:00,NYSE:MUR,31.4,31.73,31.3536,31.63,857782.0
2018-09-19 05:30:00,NYSE:MUR,31.69,32.23,31.69,31.95,790469.0
2018-09-20 05:30:00,NYSE:MUR,32.26,32.375,31.69,31.79,697392.0
2018-09-21 05:30:00,NYSE:MUR,31.87,32.27,31.7,32.16,1747968.0
2018-09-24 05:30:00,NYSE:MUR,32.68,33.09,32.44,32.75,1359404.0
2018-09-25 05:30:00,NYSE:MUR,32.91,33.13,32.39,32.55,1376180.0
2018-09-26 05:30:00,NYSE:MUR,32.42,32.93,32.18,32.56,1658671.0
2018-09-27 05:30:00,NYSE:MUR,32.78,32.935,32.44,32.84,1041941.0
2018-09-28 05:30:00,NYSE:MUR,32.7,33.8799,32.7,33.34,2071016.0
2018-10-01 05:30:00,NYSE:MUR,33.46,34.24,33.24,33.9,1296365.0
2018-10-02 05:30:00,NYSE:MUR,34.02,34.14,33.51,33.71,1044398.0
2018-10-03 05:30:00,NYSE:MUR,33.79,34.49,33.64,34.38,1586917.0
2018-10-04 05:30:00,NYSE:MUR,34.13,34.47,33.45,33.6,1781231.0
2018-10-05 05:30:00,NYSE:MUR,33.67,34.14,33.62,33.99,1053035.0
2018-10-08 05:30:00,NYSE:MUR,33.82,34.18,33.26,33.93,875763.0
2018-10-09 05:30:00,NYSE:MUR,33.91,34.17,33.51,33.9,1497947.0
2018-10-10 05:30:00,NYSE:MUR,33.7,33.77,31.69,31.77,1573313.0
2018-10-11 05:30:00,NYSE:MUR,34.8,36.5273,33.7,35.46,11098482.0
2018-10-12 05:30:00,NYSE:MUR,36.3,36.47,34.98,35.78,3617865.0
2018-10-15 05:30:00,NYSE:MUR,36.06,36.22,35.2,35.56,1858072.0
2018-10-16 05:30:00,NYSE:MUR,35.52,35.76,35.13,35.38,1793831.0
2018-10-17 05:30:00,NYSE:MUR,35.31,35.44,34.49,35.05,1837356.0
2018-10-18 05:30:00,NYSE:MUR,34.6,34.72,34.02,34.62,1963676.0
2018-10-19 05:30:00,NYSE:MUR,34.92,35.63,34.78,34.85,1786603.0
2018-10-22 05:30:00,NYSE:MUR,34.78,34.85,33.35,33.7,2002148.0
2018-10-23 05:30:00,NYSE:MUR,32.94,33.14,32.02,32.67,1796912.0
2018-10-24 05:30:00,NYSE:MUR,33.06,33.29,31.67,31.68,2292227.0
2018-10-25 05:30:00,NYSE:MUR,32.02,32.4,31.42,31.95,1959780.0
2018-10-26 05:30:00,NYSE:MUR,31.42,31.99,30.75,31.66,1090020.0
2018-10-29 05:30:00,NYSE:MUR,31.68,32.26,30.07,30.53,1486517.0
2018-10-30 05:30:00,NYSE:MUR,30.28,31.32,30.18,31.29,1437371.0
2018-10-31 05:30:00,NYSE:MUR,31.62,32.9032,31.56,31.86,2610537.0
2018-11-01 05:30:00,NYSE:MUR,31.89,31.89,30.83,31.52,1747333.0
2018-11-02 05:30:00,NYSE:MUR,31.76,32.04,30.14,30.39,1977195.0
2018-11-05 05:30:00,NYSE:MUR,30.85,31.53,30.335,30.66,2077494.0
2018-11-06 05:30:00,NYSE:MUR,30.72,31.78,30.72,31.19,1346938.0
2018-11-07 05:30:00,NYSE:MUR,31.72,32.04,31.22,31.83,2613934.0
2018-11-08 05:30:00,NYSE:MUR,31.15,32.72,30.2618,30.76,4050546.0
2018-11-09 05:30:00,NYSE:MUR,30.09,31.38,29.81,30.99,3077830.0
2018-11-12 05:30:00,NYSE:MUR,31.51,31.83,30.39,30.49,2335317.0
2018-11-13 05:30:00,NYSE:MUR,30.31,31.12,29.75,29.86,2582091.0
2018-11-14 05:30:00,NYSE:MUR,30.66,31.38,30.27,31.04,2516067.0
2018-11-15 05:30:00,NYSE:MUR,30.87,32.0,30.61,31.89,2285327.0
2018-11-16 05:30:00,NYSE:MUR,32.02,32.46,30.98,31.32,1818574.0
2018-11-19 05:30:00,NYSE:MUR,30.9,31.84,30.9,31.65,1534486.0
2018-11-20 05:30:00,NYSE:MUR,31.29,31.5,30.38,30.81,2128082.0
2018-11-21 05:30:00,NYSE:MUR,30.85,32.09,30.85,31.58,1913992.0
2018-11-23 05:30:00,NYSE:MUR,30.3,30.7,29.825,30.0,839352.0
2018-11-26 05:30:00,NYSE:MUR,30.37,30.56,29.87,30.37,1600451.0
2018-11-27 05:30:00,NYSE:MUR,30.33,30.725,30.18,30.46,1938272.0
2018-11-28 05:30:00,NYSE:MUR,30.5,32.13,30.46,32.03,3087699.0
2018-11-29 05:30:00,NYSE:MUR,31.95,32.72,31.295,31.9,2639117.0
2018-11-30 05:30:00,NYSE:MUR,31.55,32.23,31.13,31.9,2365705.0
2018-12-03 05:30:00,NYSE:MUR,32.95,33.21,31.33,32.0,3099432.0
2018-12-04 05:30:00,NYSE:MUR,32.52,32.66,30.855,30.98,2196741.0
2018-12-06 05:30:00,NYSE:MUR,30.43,30.45,29.27,30.22,2349760.0
2018-12-07 05:30:00,NYSE:MUR,30.98,31.4,29.78,29.99,2197672.0
2018-12-10 05:30:00,NYSE:MUR,29.67,29.885,28.51,28.67,3047561.0
2018-12-11 05:30:00,NYSE:MUR,29.02,29.41,27.83,28.06,2776844.0
2018-12-12 05:30:00,NYSE:MUR,28.49,29.03,28.15,28.23,1762700.0
2018-12-13 05:30:00,NYSE:MUR,28.16,28.975,27.89,28.57,2232335.0
2018-12-14 05:30:00,NYSE:MUR,28.19,28.56,27.44,27.53,1371297.0
2018-12-17 05:30:00,NYSE:MUR,27.46,27.79,26.84,26.98,1582891.0
2018-12-18 05:30:00,NYSE:MUR,27.0,27.285,26.22,26.22,2693200.0
2018-12-19 05:30:00,NYSE:MUR,26.34,26.8,25.47,25.63,2295036.0
2018-12-20 05:30:00,NYSE:MUR,25.23,25.61,24.16,24.56,2726997.0
2018-12-21 05:30:00,NYSE:MUR,24.42,24.79,23.09,23.41,6292904.0
2018-12-24 05:30:00,NYSE:MUR,23.14,23.4,22.14,22.16,1004886.0
2018-12-26 05:30:00,NYSE:MUR,22.37,23.82,21.51,23.82,2700546.0
2018-12-27 05:30:00,NYSE:MUR,23.16,23.65,22.78,23.64,1811314.0
2018-12-28 05:30:00,NYSE:MUR,23.78,23.93,23.1,23.13,1845513.0
2018-12-31 05:30:00,NYSE:MUR,23.32,23.45,22.87,23.39,1686067.0
2019-01-02 05:30:00,NYSE:MUR,22.79,24.25,22.47,24.07,2321207.0
2019-01-03 05:30:00,NYSE:MUR,24.13,25.0499,23.66,24.61,2030852.0
2019-01-04 05:30:00,NYSE:MUR,25.21,25.92,24.96,25.61,3050812.0
2019-01-07 05:30:00,NYSE:MUR,25.66,26.28,25.2,26.05,2063282.0
2019-01-08 05:30:00,NYSE:MUR,26.49,26.72,25.91,26.57,1699238.0
2019-01-09 05:30:00,NYSE:MUR,26.93,27.6,26.72,27.58,1880989.0
2019-01-10 05:30:00,NYSE:MUR,27.15,27.61,26.95,27.58,1497382.0
2019-01-11 05:30:00,NYSE:MUR,27.51,27.51,26.7,26.79,1749073.0
2019-01-14 05:30:00,NYSE:MUR,26.41,26.86,26.0311,26.66,2024923.0
2019-01-15 05:30:00,NYSE:MUR,26.9,27.2,26.74,26.97,2061303.0
2019-01-16 05:30:00,NYSE:MUR,26.87,28.02,26.87,27.69,2407017.0
2019-01-17 05:30:00,NYSE:MUR,27.4,28.12,27.37,27.88,1441165.0
2019-01-18 05:30:00,NYSE:MUR,28.21,28.4,27.88,28.13,1431903.0
2019-01-22 05:30:00,NYSE:MUR,27.67,27.91,27.06,27.27,1613913.0
2019-01-23 05:30:00,NYSE:MUR,27.4,27.57,26.57,26.82,1120010.0
2019-01-24 05:30:00,NYSE:MUR,26.82,27.3,26.56,27.01,1237300.0
2019-01-25 05:30:00,NYSE:MUR,27.16,27.89,26.98,27.46,1438247.0
2019-01-28 05:30:00,NYSE:MUR,26.99,27.055,26.42,26.89,1733825.0
2019-01-29 05:30:00,NYSE:MUR,27.19,27.87,27.0,27.51,1901786.0
2019-01-30 05:30:00,NYSE:MUR,27.79,27.9,27.37,27.85,2286915.0
2019-01-31 05:30:00,NYSE:MUR,28.0,28.14,26.59,27.35,3437882.0
2019-02-01 05:30:00,NYSE:MUR,27.46,28.5,27.28,27.98,2477864.0
2019-02-04 05:30:00,NYSE:MUR,27.31,28.09,27.22,27.96,3252636.0
2019-02-05 05:30:00,NYSE:MUR,27.92,28.5,27.82,27.87,2615420.0
2019-02-06 05:30:00,NYSE:MUR,27.83,28.2,27.62,27.95,2414850.0
2019-02-07 05:30:00,NYSE:MUR,27.81,27.86,26.37,26.42,2237652.0
2019-02-08 05:30:00,NYSE:MUR,26.39,26.57,25.71,26.15,1785730.0
2019-02-11 05:30:00,NYSE:MUR,25.86,26.89,25.86,26.71,1726515.0
2019-02-12 05:30:00,NYSE:MUR,27.23,27.66,26.96,27.35,1905280.0
2019-02-13 05:30:00,NYSE:MUR,27.43,28.54,27.43,28.24,2453806.0
2019-02-14 05:30:00,NYSE:MUR,28.24,29.05,28.0716,28.82,2080768.0
2019-02-15 05:30:00,NYSE:MUR,29.0,29.48,28.76,29.23,2239414.0
2019-02-19 05:30:00,NYSE:MUR,29.11,29.63,29.04,29.38,1608633.0
2019-02-20 05:30:00,NYSE:MUR,29.26,30.15,29.26,29.93,1866130.0
2019-02-21 05:30:00,NYSE:MUR,29.75,30.13,29.41,29.54,1677928.0
2019-02-22 05:30:00,NYSE:MUR,29.94,30.08,29.23,29.58,1314408.0
2019-02-25 05:30:00,NYSE:MUR,29.34,29.82,29.1,29.61,1065481.0
2019-02-26 05:30:00,NYSE:MUR,29.62,29.95,29.175,29.2,1262422.0
2019-02-27 05:30:00,NYSE:MUR,29.33,29.85,29.09,29.36,2379599.0
2019-02-28 05:30:00,NYSE:MUR,29.44,29.61,28.55,28.9,1990704.0
2019-03-01 05:30:00,NYSE:MUR,29.02,30.11,29.02,30.03,1973503.0
2019-03-04 05:30:00,NYSE:MUR,30.29,30.38,29.64,30.16,1629871.0
2019-03-05 05:30:00,NYSE:MUR,30.16,30.67,30.01,30.44,1547929.0
2019-03-06 05:30:00,NYSE:MUR,30.19,30.25,29.2,29.88,2307265.0
2019-03-07 05:30:00,NYSE:MUR,29.99,30.25,29.52,30.0,1762680.0
2019-03-08 05:30:00,NYSE:MUR,29.36,29.7,28.85,29.0,1393079.0
2019-03-11 05:30:00,NYSE:MUR,29.25,30.03,29.08,29.83,1628333.0
2019-03-12 05:30:00,NYSE:MUR,30.03,30.61,29.96,30.3,1632405.0
2019-03-13 05:30:00,NYSE:MUR,30.68,30.86,30.37,30.64,1982776.0
2019-03-14 05:30:00,NYSE:MUR,30.61,30.89,30.1,30.12,1873609.0
2019-03-15 05:30:00,NYSE:MUR,29.97,30.28,29.72,29.75,3105986.0
2019-03-18 05:30:00,NYSE:MUR,29.92,30.39,29.7,30.25,1474350.0
2019-03-19 05:30:00,NYSE:MUR,30.6,30.72,30.005,30.15,1360256.0
2019-03-20 05:30:00,NYSE:MUR,30.15,31.08,29.91,30.72,1364403.0
2019-03-21 05:30:00,NYSE:MUR,30.57,31.13,30.04,30.97,3948347.0
2019-03-22 05:30:00,NYSE:MUR,30.52,30.87,28.48,28.52,2805885.0
2019-03-25 05:30:00,NYSE:MUR,28.23,28.47,27.52,28.32,1992300.0
2019-03-26 05:30:00,NYSE:MUR,29.04,29.52,28.79,29.23,1802147.0
2019-03-27 05:30:00,NYSE:MUR,29.1,29.36,28.6262,29.19,2004407.0
2019-03-28 05:30:00,NYSE:MUR,28.9,29.57,28.89,29.5,1509678.0
2019-03-29 05:30:00,NYSE:MUR,29.91,30.0,29.13,29.3,1408551.0
2019-04-01 05:30:00,NYSE:MUR,29.59,29.71,29.03,29.63,2079030.0
2019-04-02 05:30:00,NYSE:MUR,29.59,29.84,29.02,29.03,1569840.0
2019-04-03 05:30:00,NYSE:MUR,29.06,29.2,27.81,27.84,2439161.0
2019-04-04 05:30:00,NYSE:MUR,27.87,28.07,27.47,28.02,1648190.0
2019-04-05 05:30:00,NYSE:MUR,28.19,29.08,28.19,28.89,1830806.0
2019-04-08 05:30:00,NYSE:MUR,28.96,29.39,28.66,28.99,1722173.0
2019-04-09 05:30:00,NYSE:MUR,28.82,28.99,28.39,28.5,1345752.0
2019-04-10 05:30:00,NYSE:MUR,28.64,28.93,28.55,28.65,1302307.0
2019-04-11 05:30:00,NYSE:MUR,28.51,28.84,28.245,28.59,1238863.0
2019-04-12 05:30:00,NYSE:MUR,29.89,30.05,29.27,29.42,1825878.0
2019-04-15 05:30:00,NYSE:MUR,29.3,29.47,28.52,28.56,1737183.0
2019-04-16 05:30:00,NYSE:MUR,28.59,28.76,28.04,28.21,2302992.0
2019-04-17 05:30:00,NYSE:MUR,28.34,28.65,27.79,27.87,1435828.0
2019-04-18 05:30:00,NYSE:MUR,28.05,28.0966,27.05,27.36,2398485.0
2019-04-22 05:30:00,NYSE:MUR,27.94,28.65,27.415,28.64,1567089.0
2019-04-23 05:30:00,NYSE:MUR,29.12,29.7,28.6,29.16,4816984.0
2019-04-24 05:30:00,NYSE:MUR,29.43,29.52,28.53,28.58,2341426.0
2019-04-25 05:30:00,NYSE:MUR,28.53,29.115,28.28,28.47,1948262.0
2019-04-26 05:30:00,NYSE:MUR,28.28,28.41,27.14,27.65,2046376.0
2019-04-29 05:30:00,NYSE:MUR,27.6,27.7,27.19,27.39,1605897.0
2019-04-30 05:30:00,NYSE:MUR,27.66,27.68,26.96,27.24,1277802.0
2019-05-01 05:30:00,NYSE:MUR,27.28,27.28,25.85,25.86,2436940.0
2019-05-02 05:30:00,NYSE:MUR,24.9,25.53,24.29,25.38,7203152.0
2019-05-03 05:30:00,NYSE:MUR,25.55,26.765,25.45,26.26,3895471.0
2019-05-06 05:30:00,NYSE:MUR,25.87,27.17,25.7,26.65,3225539.0
2019-05-07 05:30:00,NYSE:MUR,26.29,26.875,25.95,26.84,3342913.0
2019-05-08 05:30:00,NYSE:MUR,26.75,27.46,26.7,27.14,2676835.0
2019-05-09 05:30:00,NYSE:MUR,26.59,27.78,26.58,27.62,2731373.0
2019-05-10 05:30:00,NYSE:MUR,27.52,27.75,27.09,27.53,1893135.0
2019-05-13 05:30:00,NYSE:MUR,27.33,27.85,27.07,27.34,2322278.0
2019-05-14 05:30:00,NYSE:MUR,27.56,28.24,27.545,27.94,2425564.0
2019-05-15 05:30:00,NYSE:MUR,27.65,28.27,27.53,28.09,2470088.0
2019-05-16 05:30:00,NYSE:MUR,28.2,28.43,27.83,27.87,2250319.0
2019-05-17 05:30:00,NYSE:MUR,27.63,27.75,26.66,26.66,2122967.0
2019-05-20 05:30:00,NYSE:MUR,26.68,27.02,26.525,26.94,2271946.0
2019-05-21 05:30:00,NYSE:MUR,27.02,27.54,26.94,27.49,1597891.0
2019-05-22 05:30:00,NYSE:MUR,27.17,27.2,26.55,26.69,2389068.0
2019-05-23 05:30:00,NYSE:MUR,26.03,26.03,24.92,25.38,4952692.0
2019-05-24 05:30:00,NYSE:MUR,25.71,25.97,25.075,25.61,2684671.0
2019-05-28 05:30:00,NYSE:MUR,25.65,25.7699,25.4,25.5,3213080.0
2019-05-29 05:30:00,NYSE:MUR,25.0,25.535,24.83,25.49,3071637.0
2019-05-30 05:30:00,NYSE:MUR,25.31,25.46,24.78,24.89,3808712.0
2019-05-31 05:30:00,NYSE:MUR,24.42,25.59,24.4,24.85,3566870.0
2019-06-03 05:30:00,NYSE:MUR,25.04,25.14,24.42,24.65,3828520.0
2019-06-04 05:30:00,NYSE:MUR,24.93,25.1,24.35,24.75,2403815.0
2019-06-05 05:30:00,NYSE:MUR,24.69,24.69,24.035,24.26,2274051.0
2019-06-06 05:30:00,NYSE:MUR,24.28,24.63,24.18,24.33,1737060.0
2019-06-07 05:30:00,NYSE:MUR,24.34,24.35,22.88,23.94,2906055.0
2019-06-10 05:30:00,NYSE:MUR,24.03,24.105,23.4,23.51,2235824.0
2019-06-11 05:30:00,NYSE:MUR,23.72,24.05,23.61,23.66,1943715.0
2019-06-12 05:30:00,NYSE:MUR,23.4,23.56,23.03,23.13,2109660.0
2019-06-13 05:30:00,NYSE:MUR,23.81,23.9,23.41,23.88,1844089.0
2019-06-14 05:30:00,NYSE:MUR,23.84,24.08,23.19,23.2,2108930.0
2019-06-17 05:30:00,NYSE:MUR,23.12,23.63,23.05,23.46,1799186.0
2019-06-18 05:30:00,NYSE:MUR,23.61,24.2,23.61,23.99,1573492.0
2019-06-19 05:30:00,NYSE:MUR,23.99,24.58,23.71,24.19,1720575.0
2019-06-20 05:30:00,NYSE:MUR,24.87,25.4433,24.8,24.93,2205865.0
2019-06-21 05:30:00,NYSE:MUR,24.88,25.2,24.8,24.93,1980943.0
2019-06-24 05:30:00,NYSE:MUR,24.89,25.08,24.64,24.78,1453930.0
2019-06-25 05:30:00,NYSE:MUR,24.72,24.88,24.23,24.23,2074845.0
2019-06-26 05:30:00,NYSE:MUR,24.62,25.25,24.56,24.76,2025634.0
2019-06-27 05:30:00,NYSE:MUR,24.73,24.99,23.94,24.23,2115883.0
2019-06-28 05:30:00,NYSE:MUR,24.31,24.84,24.18,24.65,3024229.0
2019-07-01 05:30:00,NYSE:MUR,25.08,25.535,24.74,24.94,2726604.0
2019-07-02 05:30:00,NYSE:MUR,24.89,24.89,24.09,24.15,2284886.0
2019-07-03 05:30:00,NYSE:MUR,24.27,24.4542,24.09,24.43,836893.0
2019-07-05 05:30:00,NYSE:MUR,24.34,24.83,24.2994,24.79,1065037.0
2019-07-08 05:30:00,NYSE:MUR,24.62,25.035,24.475,24.49,1150713.0
2019-07-09 05:30:00,NYSE:MUR,24.48,24.7,24.18,24.6,1780470.0
2019-07-10 05:30:00,NYSE:MUR,25.33,25.47,24.53,24.98,2174866.0
2019-07-11 05:30:00,NYSE:MUR,24.99,25.09,23.695,23.72,2760255.0
2019-07-12 05:30:00,NYSE:MUR,23.73,23.94,23.38,23.75,2414507.0
2019-07-15 05:30:00,NYSE:MUR,23.76,23.923,23.405,23.47,1540021.0
2019-07-16 05:30:00,NYSE:MUR,23.4,23.53,22.27,22.65,3085388.0
2019-07-17 05:30:00,NYSE:MUR,22.66,22.66,21.79,21.8,2993531.0
2019-07-18 05:30:00,NYSE:MUR,21.76,21.98,21.25,21.31,2661373.0
2019-07-19 05:30:00,NYSE:MUR,21.32,21.645,21.205,21.57,2588521.0
2019-07-22 05:30:00,NYSE:MUR,21.62,22.11,21.51,22.1,4361307.0
2019-07-23 05:30:00,NYSE:MUR,22.41,22.65,21.94,22.31,2699449.0
2019-07-24 05:30:00,NYSE:MUR,22.21,23.07,22.21,22.66,3595247.0
2019-07-25 05:30:00,NYSE:MUR,22.78,22.78,22.28,22.38,2850079.0
2019-07-26 05:30:00,NYSE:MUR,22.38,22.43,22.07,22.26,1689668.0
2019-07-29 05:30:00,NYSE:MUR,22.26,22.36,21.83,22.24,2138654.0
2019-07-30 05:30:00,NYSE:MUR,22.19,23.645,22.05,23.51,3251118.0
2019-07-31 05:30:00,NYSE:MUR,23.48,24.64,23.26,24.04,3585798.0
2019-08-01 05:30:00,NYSE:MUR,23.64,23.85,22.855,23.16,3724878.0
2019-08-02 05:30:00,NYSE:MUR,23.12,23.47,22.38,22.84,1868975.0
2019-08-05 05:30:00,NYSE:MUR,22.25,22.76,21.99,22.58,2704749.0
2019-08-06 05:30:00,NYSE:MUR,22.63,22.84,21.58,22.05,3045537.0
2019-08-07 05:30:00,NYSE:MUR,21.62,21.93,21.055,21.64,3714930.0
2019-08-08 05:30:00,NYSE:MUR,22.1,22.25,19.755,20.06,8814524.0
2019-08-09 05:30:00,NYSE:MUR,20.19,20.96,20.01,20.36,5085142.0
2019-08-12 05:30:00,NYSE:MUR,20.1,20.275,19.1,19.43,6877141.0
2019-08-13 05:30:00,NYSE:MUR,19.31,20.6,19.08,19.71,5655648.0
2019-08-14 05:30:00,NYSE:MUR,19.25,19.25,18.33,18.35,4241989.0
2019-08-15 05:30:00,NYSE:MUR,18.21,18.59,17.9,18.52,3697273.0
2019-08-16 05:30:00,NYSE:MUR,18.32,19.04,18.09,18.97,4733723.0
2019-08-19 05:30:00,NYSE:MUR,19.28,19.975,19.13,19.89,2692275.0
2019-08-20 05:30:00,NYSE:MUR,19.76,19.86,19.3468,19.76,2146105.0
2019-08-21 05:30:00,NYSE:MUR,19.97,20.29,19.58,19.61,2374324.0
2019-08-22 05:30:00,NYSE:MUR,19.54,19.81,19.16,19.17,1850700.0
2019-08-23 05:30:00,NYSE:MUR,18.83,19.2,17.855,17.91,3217776.0
2019-08-26 05:30:00,NYSE:MUR,18.15,18.2693,17.46,17.57,3038422.0
2019-08-27 05:30:00,NYSE:MUR,17.72,17.89,17.04,17.4,2573036.0
2019-08-28 05:30:00,NYSE:MUR,17.64,18.25,17.46,18.02,2450976.0
2019-08-29 05:30:00,NYSE:MUR,18.23,18.62,18.14,18.5,1714717.0
2019-08-30 05:30:00,NYSE:MUR,18.36,18.7397,18.06,18.23,1735665.0
2019-09-03 05:30:00,NYSE:MUR,17.81,18.22,17.47,18.11,2599479.0
2019-09-04 05:30:00,NYSE:MUR,18.51,18.91,18.31,18.74,1827550.0
2019-09-05 05:30:00,NYSE:MUR,18.95,19.785,18.9365,19.53,2861035.0
2019-09-06 05:30:00,NYSE:MUR,19.24,19.51,18.8,19.38,2258648.0
2019-09-09 05:30:00,NYSE:MUR,19.8,20.63,19.65,20.6,3025251.0
2019-09-10 05:30:00,NYSE:MUR,20.8,21.59,20.755,20.86,2847323.0
2019-09-11 05:30:00,NYSE:MUR,21.05,21.8,20.74,21.35,2939956.0
2019-09-12 05:30:00,NYSE:MUR,20.79,20.99,20.28,20.42,2905487.0
2019-09-13 05:30:00,NYSE:MUR,20.7,21.02,20.3,20.6,2309286.0
2019-09-16 05:30:00,NYSE:MUR,23.01,25.33,22.44,24.95,7535494.0
2019-09-17 05:30:00,NYSE:MUR,24.88,25.04,23.0,23.29,4382067.0
2019-09-18 05:30:00,NYSE:MUR,22.89,23.72,22.65,22.87,3449142.0
2019-09-19 05:30:00,NYSE:MUR,23.1,23.25,22.6,22.82,3119558.0
2019-09-20 05:30:00,NYSE:MUR,22.96,23.47,22.63,23.08,5797440.0
2019-09-23 05:30:00,NYSE:MUR,22.79,23.645,22.78,23.41,3431484.0
2019-09-24 05:30:00,NYSE:MUR,23.1,23.38,21.995,22.14,4410771.0
2019-09-25 05:30:00,NYSE:MUR,21.72,22.37,21.61,21.99,3607477.0
2019-09-26 05:30:00,NYSE:MUR,21.75,22.15,21.64,21.82,3671787.0
2019-09-27 05:30:00,NYSE:MUR,21.44,22.39,21.42,21.95,3742655.0
2019-09-30 05:30:00,NYSE:MUR,21.88,22.2782,21.83,22.11,3840624.0
2019-10-01 05:30:00,NYSE:MUR,22.27,22.78,21.63,21.68,3565800.0
2019-10-02 05:30:00,NYSE:MUR,21.5,22.205,21.29,21.39,3901124.0
2019-10-03 05:30:00,NYSE:MUR,21.17,22.09,21.115,21.9,3979867.0
2019-10-04 05:30:00,NYSE:MUR,21.69,22.15,20.63,20.95,3917799.0
2019-10-07 05:30:00,NYSE:MUR,21.0,21.0,20.16,20.17,3111576.0
2019-10-08 05:30:00,NYSE:MUR,20.0,20.1039,18.98,19.0,4612148.0
2019-10-09 05:30:00,NYSE:MUR,19.24,19.52,19.0,19.3,3103687.0
2019-10-10 05:30:00,NYSE:MUR,19.4,19.83,19.315,19.58,2036619.0
2019-10-11 05:30:00,NYSE:MUR,19.86,20.2,19.635,19.96,2613903.0
2019-10-14 05:30:00,NYSE:MUR,19.73,20.11,19.31,19.96,1942578.0
2019-10-15 05:30:00,NYSE:MUR,19.82,20.18,19.525,19.71,2485013.0
2019-10-16 05:30:00,NYSE:MUR,19.63,19.965,19.09,19.14,2107213.0
2019-10-17 05:30:00,NYSE:MUR,19.22,19.2707,18.75,18.92,3232500.0
2019-10-18 05:30:00,NYSE:MUR,19.01,19.53,18.64,18.66,2513270.0
2019-10-21 05:30:00,NYSE:MUR,18.61,19.29,18.61,19.06,2073618.0
2019-10-22 05:30:00,NYSE:MUR,19.21,19.9,18.88,19.51,2376460.0
2019-10-23 05:30:00,NYSE:MUR,19.49,20.5,19.11,20.1,2816839.0
2019-10-24 05:30:00,NYSE:MUR,20.29,20.3,19.33,19.64,1857986.0
2019-10-25 05:30:00,NYSE:MUR,19.66,20.06,19.31,19.81,2085620.0
2019-10-28 05:30:00,NYSE:MUR,19.91,20.2432,19.54,19.7,1840134.0
2019-10-29 05:30:00,NYSE:MUR,19.5,20.135,19.37,19.77,2741503.0
2019-10-30 05:30:00,NYSE:MUR,19.88,20.05,19.27,19.51,4083071.0
2019-10-31 05:30:00,NYSE:MUR,20.99,21.9,19.96,20.63,7494929.0
2019-11-01 05:30:00,NYSE:MUR,20.92,22.4,20.87,22.01,6169614.0
2019-11-04 05:30:00,NYSE:MUR,22.58,24.63,22.35,23.81,6679770.0
2019-11-05 05:30:00,NYSE:MUR,23.98,24.98,23.81,24.12,6115228.0
2019-11-06 05:30:00,NYSE:MUR,24.0,24.71,23.35,23.68,3735633.0
2019-11-07 05:30:00,NYSE:MUR,24.23,25.275,24.17,24.98,4930338.0
2019-11-08 05:30:00,NYSE:MUR,24.58,24.85,24.12,24.76,2874406.0
2019-11-11 05:30:00,NYSE:MUR,24.28,24.94,24.21,24.42,2210181.0
2019-11-12 05:30:00,NYSE:MUR,24.55,24.76,24.17,24.3,2065445.0
2019-11-13 05:30:00,NYSE:MUR,23.86,24.33,23.65,23.93,2636677.0
2019-11-14 05:30:00,NYSE:MUR,24.07,24.44,23.68,23.83,2152229.0
2019-11-15 05:30:00,NYSE:MUR,23.6,24.63,23.56,24.33,2325013.0
2019-11-18 05:30:00,NYSE:MUR,23.92,24.0,23.51,23.73,2350250.0
2019-11-19 05:30:00,NYSE:MUR,23.63,23.7,23.03,23.17,2059183.0
2019-11-20 05:30:00,NYSE:MUR,22.94,24.355,22.93,23.83,2721157.0
2019-11-21 05:30:00,NYSE:MUR,24.13,24.37,23.63,24.16,2137458.0
2019-11-22 05:30:00,NYSE:MUR,24.29,24.755,23.955,24.52,2518294.0
2019-11-25 05:30:00,NYSE:MUR,24.29,24.69,23.8455,24.08,2713869.0
2019-11-26 05:30:00,NYSE:MUR,24.01,24.15,23.61,23.74,1741285.0
2019-11-27 05:30:00,NYSE:MUR,23.77,23.9,23.28,23.76,1185640.0
2019-11-29 05:30:00,NYSE:MUR,23.33,23.55,23.01,23.01,1181954.0
2019-12-02 05:30:00,NYSE:MUR,23.31,23.72,23.11,23.46,2453788.0
2019-12-03 05:30:00,NYSE:MUR,23.17,23.96,22.93,23.34,2756056.0
2019-12-04 05:30:00,NYSE:MUR,23.83,24.6,23.81,24.13,2919146.0
2019-12-05 05:30:00,NYSE:MUR,24.46,24.61,23.67,23.77,2870496.0
2019-12-06 05:30:00,NYSE:MUR,23.81,24.6,23.8,24.44,2923354.0
2019-12-09 05:30:00,NYSE:MUR,24.1,25.12,24.1,24.98,2500457.0
2019-12-10 05:30:00,NYSE:MUR,25.0,25.06,24.6,24.9,1859078.0
2019-12-11 05:30:00,NYSE:MUR,25.0,25.105,24.62,24.87,1350570.0
2019-12-12 05:30:00,NYSE:MUR,24.94,26.055,24.94,25.94,2686690.0
2019-12-13 05:30:00,NYSE:MUR,26.15,26.17,24.91,25.04,2261534.0
2019-12-16 05:30:00,NYSE:MUR,25.28,25.83,25.14,25.27,2470414.0
2019-12-17 05:30:00,NYSE:MUR,25.24,25.62,25.18,25.48,1848551.0
2019-12-18 05:30:00,NYSE:MUR,25.41,25.85,25.41,25.47,1751623.0
2019-12-19 05:30:00,NYSE:MUR,25.49,25.91,25.3099,25.48,2060439.0
2019-12-20 05:30:00,NYSE:MUR,25.61,25.85,25.29,25.78,5289456.0
2019-12-23 05:30:00,NYSE:MUR,25.75,26.645,25.75,26.61,1642245.0
2019-12-24 05:30:00,NYSE:MUR,26.68,26.82,26.44,26.56,520649.0
2019-12-26 05:30:00,NYSE:MUR,26.78,26.92,26.45,26.53,832922.0
2019-12-27 05:30:00,NYSE:MUR,26.73,26.9,26.34,26.52,1283346.0
2019-12-30 05:30:00,NYSE:MUR,26.63,26.83,26.23,26.33,1879764.0
2019-12-31 05:30:00,NYSE:MUR,26.05,26.85,25.99,26.8,2193443.0
2020-01-02 05:30:00,NYSE:MUR,26.89,27.08,26.39,26.55,1933076.0
2020-01-03 05:30:00,NYSE:MUR,27.3,27.46,26.77,27.31,2738151.0
2020-01-06 05:30:00,NYSE:MUR,27.47,27.61,27.18,27.42,2107266.0
2020-01-07 05:30:00,NYSE:MUR,27.4,27.8599,27.25,27.72,1578256.0
2020-01-08 05:30:00,NYSE:MUR,27.85,27.85,26.76,27.09,2011082.0
2020-01-09 05:30:00,NYSE:MUR,26.87,27.39,26.17,27.38,2366915.0
2020-01-10 05:30:00,NYSE:MUR,27.21,27.475,27.01,27.14,1824673.0
2020-01-13 05:30:00,NYSE:MUR,27.09,27.34,26.75,27.3,1877013.0
2020-01-14 05:30:00,NYSE:MUR,27.35,28.04,27.28,28.0,1515191.0
2020-01-15 05:30:00,NYSE:MUR,27.81,28.12,27.66,27.88,1157353.0
2020-01-16 05:30:00,NYSE:MUR,27.65,27.725,25.97,26.32,5004634.0
2020-01-17 05:30:00,NYSE:MUR,26.38,26.545,25.26,25.33,3055654.0
2020-01-21 05:30:00,NYSE:MUR,25.19,25.32,24.46,24.55,2052672.0
2020-01-22 05:30:00,NYSE:MUR,24.5,24.79,24.09,24.65,2102314.0
2020-01-23 05:30:00,NYSE:MUR,24.1,24.505,23.93,24.21,2271288.0
2020-01-24 05:30:00,NYSE:MUR,24.0,24.085,23.33,23.8,2693587.0
2020-01-27 05:30:00,NYSE:MUR,23.16,23.515,22.99,23.04,1959927.0
2020-01-28 05:30:00,NYSE:MUR,23.39,23.42,22.99,23.26,2030870.0
2020-01-29 05:30:00,NYSE:MUR,23.35,23.4899,22.4879,22.55,2733734.0
2020-01-30 05:30:00,NYSE:MUR,20.35,21.7,19.89,21.22,4876877.0
2020-01-31 05:30:00,NYSE:MUR,20.89,21.5,20.53,20.96,3713802.0
2020-02-03 05:30:00,NYSE:MUR,20.76,21.61,20.7,21.27,3665661.0
2020-02-04 05:30:00,NYSE:MUR,21.76,21.905,21.46,21.57,1986166.0
2020-02-05 05:30:00,NYSE:MUR,22.18,22.975,22.18,22.59,2274398.0
2020-02-06 05:30:00,NYSE:MUR,22.59,22.745,21.95,22.35,1680306.0
2020-02-07 05:30:00,NYSE:MUR,22.05,22.23,21.84,21.95,1473520.0
2020-02-10 05:30:00,NYSE:MUR,21.74,21.83,21.42,21.54,1384373.0
2020-02-11 05:30:00,NYSE:MUR,21.93,22.185,21.785,21.86,1380861.0
2020-02-12 05:30:00,NYSE:MUR,22.54,22.86,22.22,22.61,2144990.0
2020-02-13 05:30:00,NYSE:MUR,22.6,22.98,22.07,22.37,1914065.0
2020-02-14 05:30:00,NYSE:MUR,22.3,22.365,21.79,22.06,1334085.0
2020-02-18 05:30:00,NYSE:MUR,21.84,22.415,21.84,22.35,1742658.0
2020-02-19 05:30:00,NYSE:MUR,22.54,22.79,22.19,22.36,2120418.0
2020-02-20 05:30:00,NYSE:MUR,22.48,22.54,21.975,22.35,1216516.0
2020-02-21 05:30:00,NYSE:MUR,22.06,22.21,21.55,22.0,1125792.0
2020-02-24 05:30:00,NYSE:MUR,21.12,21.26,20.61,21.05,1816983.0
2020-02-25 05:30:00,NYSE:MUR,20.95,21.01,19.67,19.91,2026386.0
2020-02-26 05:30:00,NYSE:MUR,19.9,19.97,18.67,18.83,2253096.0
2020-02-27 05:30:00,NYSE:MUR,18.14,18.69,16.95,17.8,3806709.0
2020-02-28 05:30:00,NYSE:MUR,17.12,19.0,17.0936,18.85,5076087.0
2020-03-02 05:30:00,NYSE:MUR,19.28,19.38,18.23,19.06,3963833.0
2020-03-03 05:30:00,NYSE:MUR,19.3,19.694,18.53,18.76,3223645.0
2020-03-04 05:30:00,NYSE:MUR,19.17,19.2,18.41,18.98,2418014.0
2020-03-05 05:30:00,NYSE:MUR,18.51,18.93,17.89,18.16,4269257.0
2020-03-06 05:30:00,NYSE:MUR,17.27,17.49,15.84,15.86,3948878.0
2020-03-09 05:30:00,NYSE:MUR,11.36,12.03,9.06,9.12,13065582.0
2020-03-10 05:30:00,NYSE:MUR,10.03,10.13,8.58,9.33,9135240.0
2020-03-11 05:30:00,NYSE:MUR,8.97,9.18,7.41,7.5,8540340.0
2020-03-12 05:30:00,NYSE:MUR,6.88,6.9,5.96,6.42,10923151.0
2020-03-13 05:30:00,NYSE:MUR,7.07,7.6,6.035,7.6,12499806.0
2020-03-16 05:30:00,NYSE:MUR,6.14,7.47,6.14,6.56,9793786.0
2020-03-17 05:30:00,NYSE:MUR,6.72,6.85,5.5,5.55,8458941.0
2020-03-18 05:30:00,NYSE:MUR,5.04,5.42,4.5,4.68,8595214.0
2020-03-19 05:30:00,NYSE:MUR,4.95,5.61,4.66,5.57,9578073.0
2020-03-20 05:30:00,NYSE:MUR,5.76,6.07,5.23,5.51,7523338.0
2020-03-23 05:30:00,NYSE:MUR,5.44,5.6,5.0,5.3,5084636.0
2020-03-24 05:30:00,NYSE:MUR,5.78,6.3,5.5,6.26,5828696.0
2020-03-25 05:30:00,NYSE:MUR,6.7,7.1,5.91,6.26,6031470.0
2020-03-26 05:30:00,NYSE:MUR,6.35,7.28,6.2,6.44,5433954.0
2020-03-27 05:30:00,NYSE:MUR,6.18,6.21,5.72,5.79,6233276.0
2020-03-30 05:30:00,NYSE:MUR,5.71,5.79,5.16,5.71,5162430.0
2020-03-31 05:30:00,NYSE:MUR,5.93,6.69,5.86,6.13,6688674.0
2020-04-01 05:30:00,NYSE:MUR,5.93,5.95,5.4,5.6,6740496.0
2020-04-02 05:30:00,NYSE:MUR,5.99,7.64,5.76,6.23,9360434.0
2020-04-03 05:30:00,NYSE:MUR,6.66,6.74,5.5,5.96,9350243.0
2020-04-06 05:30:00,NYSE:MUR,6.08,6.25,5.7636,6.14,5202089.0
2020-04-07 05:30:00,NYSE:MUR,6.7,7.22,6.45,6.61,10270886.0
2020-04-08 05:30:00,NYSE:MUR,7.17,7.36,6.59,7.33,7180449.0
2020-04-09 05:30:00,NYSE:MUR,8.06,9.18,7.08,7.91,13823139.0
2020-04-13 05:30:00,NYSE:MUR,8.7,8.92,8.01,8.16,8253738.0
2020-04-14 05:30:00,NYSE:MUR,8.1,8.33,7.385,7.57,6729198.0
2020-04-15 05:30:00,NYSE:MUR,6.98,7.41,6.87,7.38,5637968.0
2020-04-16 05:30:00,NYSE:MUR,7.3,7.64,6.9,7.02,5329345.0
2020-04-17 05:30:00,NYSE:MUR,7.09,7.98,7.03,7.94,6429472.0
2020-04-20 05:30:00,NYSE:MUR,7.13,8.13,7.04,7.91,5924518.0
2020-04-21 05:30:00,NYSE:MUR,7.61,8.07,7.42,7.83,7386180.0
2020-04-22 05:30:00,NYSE:MUR,8.25,8.485,8.04,8.39,5733724.0
2020-04-23 05:30:00,NYSE:MUR,8.79,9.31,8.47,9.17,5973057.0
2020-04-24 05:30:00,NYSE:MUR,9.62,9.88,8.7099,9.2,5316165.0
2020-04-27 05:30:00,NYSE:MUR,8.9,9.305,8.47,9.15,4786911.0
2020-04-28 05:30:00,NYSE:MUR,9.34,9.58,8.8,9.17,5958939.0
2020-04-29 05:30:00,NYSE:MUR,9.66,11.68,9.65,11.57,6984194.0
2020-04-30 05:30:00,NYSE:MUR,11.88,12.4,10.61,11.86,9413371.0
2020-05-01 05:30:00,NYSE:MUR,11.11,11.54,10.205,10.37,5969747.0
2020-05-04 05:30:00,NYSE:MUR,9.99,10.88,9.85,10.85,4719834.0
2020-05-05 05:30:00,NYSE:MUR,11.58,11.91,10.415,10.46,4940137.0
2020-05-06 05:30:00,NYSE:MUR,10.59,11.1,10.2997,10.39,5537699.0
2020-05-07 05:30:00,NYSE:MUR,10.4,11.15,10.05,10.6,4841736.0
2020-05-08 05:30:00,NYSE:MUR,10.85,11.91,10.73,11.73,4939579.0
2020-05-11 05:30:00,NYSE:MUR,11.5,11.98,11.425,11.8,3866286.0
2020-05-12 05:30:00,NYSE:MUR,12.0,12.715,11.91,12.28,6143164.0
2020-05-13 05:30:00,NYSE:MUR,12.25,12.26,11.14,11.37,7937332.0
2020-05-14 05:30:00,NYSE:MUR,10.98,11.69,10.23,11.31,6082297.0
2020-05-15 05:30:00,NYSE:MUR,11.18,11.57,11.071,11.31,2896051.0
2020-05-18 05:30:00,NYSE:MUR,12.1,12.54,11.98,12.33,5560553.0
2020-05-19 05:30:00,NYSE:MUR,12.43,12.58,11.81,11.94,4173277.0
2020-05-20 05:30:00,NYSE:MUR,12.44,12.85,12.28,12.49,3809925.0
2020-05-21 05:30:00,NYSE:MUR,12.61,12.8499,12.26,12.56,4258107.0
2020-05-22 05:30:00,NYSE:MUR,12.3,12.47,11.99,12.29,2924746.0
2020-05-26 05:30:00,NYSE:MUR,12.94,12.97,12.38,12.58,3465712.0
2020-05-27 05:30:00,NYSE:MUR,12.75,13.2,12.2,13.1,4604548.0
2020-05-28 05:30:00,NYSE:MUR,13.04,13.1199,12.53,12.62,4389108.0
2020-05-29 05:30:00,NYSE:MUR,12.46,12.46,11.57,11.95,5893887.0
2020-06-01 05:30:00,NYSE:MUR,11.9,13.16,11.65,13.13,5834819.0
2020-06-02 05:30:00,NYSE:MUR,13.37,13.81,13.185,13.63,4339083.0
2020-06-03 05:30:00,NYSE:MUR,13.8,14.195,13.8,14.13,3257556.0
2020-06-04 05:30:00,NYSE:MUR,14.08,14.8,13.75,14.73,4192237.0
2020-06-05 05:30:00,NYSE:MUR,15.9,17.2829,15.9,16.96,5789884.0
2020-06-08 05:30:00,NYSE:MUR,17.7,18.405,17.235,18.34,7792175.0
2020-06-09 05:30:00,NYSE:MUR,17.26,17.99,16.26,17.37,6079429.0
2020-06-10 05:30:00,NYSE:MUR,17.1,17.1,15.36,15.67,4444802.0
2020-06-11 05:30:00,NYSE:MUR,13.7,14.87,13.05,13.66,4439482.0
2020-06-12 05:30:00,NYSE:MUR,14.99,15.2199,13.93,14.66,5104517.0
2020-06-15 05:30:00,NYSE:MUR,13.56,15.24,13.44,14.98,3582546.0
2020-06-16 05:30:00,NYSE:MUR,16.06,16.09,14.9301,15.68,3913611.0
2020-06-17 05:30:00,NYSE:MUR,15.45,15.54,14.585,14.6,4773187.0
2020-06-18 05:30:00,NYSE:MUR,14.39,15.2,14.12,14.91,2903909.0
2020-06-19 05:30:00,NYSE:MUR,15.5,15.61,14.77,15.12,6550470.0
2020-06-22 05:30:00,NYSE:MUR,14.85,15.07,14.35,14.72,3405677.0
2020-06-23 05:30:00,NYSE:MUR,15.01,15.38,14.41,14.44,3183125.0
2020-06-24 05:30:00,NYSE:MUR,14.01,14.28,12.7,12.73,5281828.0
2020-06-25 05:30:00,NYSE:MUR,12.52,13.14,12.3,13.06,3713698.0
2020-06-26 05:30:00,NYSE:MUR,12.87,12.9,12.08,12.24,4678090.0
2020-06-29 05:30:00,NYSE:MUR,12.3,13.16,12.11,13.14,4165684.0
2020-06-30 05:30:00,NYSE:MUR,12.99,13.87,12.79,13.8,3271566.0
2020-07-01 05:30:00,NYSE:MUR,13.81,14.15,13.125,13.35,4323120.0
2020-07-02 05:30:00,NYSE:MUR,13.87,14.13,13.47,13.61,3180773.0
2020-07-06 05:30:00,NYSE:MUR,14.0,14.04,13.445,13.64,3867706.0
2020-07-07 05:30:00,NYSE:MUR,13.46,13.51,12.9,12.92,2095769.0
2020-07-08 05:30:00,NYSE:MUR,12.93,13.47,12.77,13.22,2449935.0
2020-07-09 05:30:00,NYSE:MUR,13.21,13.3,12.2,12.22,2578113.0
2020-07-10 05:30:00,NYSE:MUR,12.09,13.05,12.06,12.98,4577928.0
2020-07-13 05:30:00,NYSE:MUR,13.14,13.25,12.46,12.52,3306312.0
2020-07-14 05:30:00,NYSE:MUR,12.43,13.36,12.2984,13.33,3066646.0
2020-07-15 05:30:00,NYSE:MUR,13.72,13.89,13.22,13.53,3318611.0
2020-07-16 05:30:00,NYSE:MUR,13.3,14.185,13.2177,13.8,3066792.0
2020-07-17 05:30:00,NYSE:MUR,13.81,14.03,13.275,13.28,2322738.0
2020-07-20 05:30:00,NYSE:MUR,13.22,13.4813,13.04,13.17,1890754.0
2020-07-21 05:30:00,NYSE:MUR,13.41,14.6,13.41,14.58,3977775.0
2020-07-22 05:30:00,NYSE:MUR,14.29,14.645,14.08,14.52,2473062.0
2020-07-23 05:30:00,NYSE:MUR,14.33,14.54,13.9,14.13,2485880.0
2020-07-24 05:30:00,NYSE:MUR,14.16,14.37,13.92,13.98,1738499.0
2020-07-27 05:30:00,NYSE:MUR,13.89,14.09,13.56,14.07,2098580.0
2020-07-28 05:30:00,NYSE:MUR,13.94,14.16,13.62,13.69,1791331.0
2020-07-29 05:30:00,NYSE:MUR,13.8,13.96,13.56,13.96,1700447.0
2020-07-30 05:30:00,NYSE:MUR,13.6,13.68,13.24,13.51,1958554.0
2020-07-31 05:30:00,NYSE:MUR,13.35,13.53,12.885,13.21,3870061.0
2020-08-03 05:30:00,NYSE:MUR,13.22,13.55,13.02,13.35,2806720.0
2020-08-04 05:30:00,NYSE:MUR,13.33,14.235,13.24,13.96,3029681.0
2020-08-05 05:30:00,NYSE:MUR,14.43,14.71,14.22,14.62,2980777.0
2020-08-06 05:30:00,NYSE:MUR,14.06,14.366,13.74,14.09,3496335.0
2020-08-07 05:30:00,NYSE:MUR,14.0,14.51,13.85,14.48,2747735.0
2020-08-10 05:30:00,NYSE:MUR,14.61,15.79,14.53,15.49,4527300.0
2020-08-11 05:30:00,NYSE:MUR,15.88,16.185,15.08,15.15,3591273.0
2020-08-12 05:30:00,NYSE:MUR,15.66,15.69,15.11,15.26,2505111.0
2020-08-13 05:30:00,NYSE:MUR,15.15,15.4,14.97,15.02,2188614.0
2020-08-14 05:30:00,NYSE:MUR,14.8,15.33,14.67,15.14,2420471.0
2020-08-17 05:30:00,NYSE:MUR,15.16,15.36,14.69,15.06,1980322.0
2020-08-18 05:30:00,NYSE:MUR,14.92,15.06,14.72,14.74,1809658.0
2020-08-19 05:30:00,NYSE:MUR,14.66,15.15,14.56,14.94,2806249.0
2020-08-20 05:30:00,NYSE:MUR,14.64,14.945,14.53,14.53,3430634.0
2020-08-21 05:30:00,NYSE:MUR,14.49,14.53,13.9101,14.11,2082400.0
2020-08-24 05:30:00,NYSE:MUR,14.29,14.94,14.02,14.66,1856496.0
2020-08-25 05:30:00,NYSE:MUR,14.89,15.06,14.64,14.94,1341431.0
2020-08-26 05:30:00,NYSE:MUR,15.0,15.12,14.11,14.12,1894520.0
2020-08-27 05:30:00,NYSE:MUR,14.25,14.48,14.0,14.39,2490304.0
2020-08-28 05:30:00,NYSE:MUR,14.39,14.708,14.25,14.41,1432396.0
2020-08-31 05:30:00,NYSE:MUR,14.48,14.48,13.68,13.74,2016190.0
2020-09-01 05:30:00,NYSE:MUR,13.75,14.085,13.62,13.85,2503207.0
2020-09-02 05:30:00,NYSE:MUR,13.77,13.9,13.03,13.05,4415363.0
2020-09-03 05:30:00,NYSE:MUR,12.97,13.11,12.305,12.35,11990546.0
2020-09-04 05:30:00,NYSE:MUR,12.46,12.53,11.6614,12.19,4823355.0
2020-09-08 05:30:00,NYSE:MUR,11.79,11.8,11.0,11.02,4360242.0
2020-09-09 05:30:00,NYSE:MUR,11.17,11.235,10.86,11.12,3415011.0
2020-09-10 05:30:00,NYSE:MUR,11.09,11.09,9.97,10.02,23213828.0
2020-09-11 05:30:00,NYSE:MUR,10.09,10.23,9.73,10.03,8571642.0
2020-09-14 05:30:00,NYSE:MUR,10.17,10.38,9.725,10.2,6439892.0
2020-09-15 05:30:00,NYSE:MUR,10.29,10.52,9.975,10.06,5301177.0
2020-09-16 05:30:00,NYSE:MUR,10.19,11.09,10.06,10.75,7634878.0
2020-09-17 05:30:00,NYSE:MUR,10.42,10.73,10.3173,10.61,4202070.0
2020-09-18 05:30:00,NYSE:MUR,10.66,10.82,10.26,10.44,7871223.0
2020-09-21 05:30:00,NYSE:MUR,10.09,10.18,9.21,9.26,6547345.0
2020-09-22 05:30:00,NYSE:MUR,9.3,9.91,9.28,9.68,5792706.0
2020-09-23 05:30:00,NYSE:MUR,9.7,9.78,8.71,8.71,4395786.0
2020-09-24 05:30:00,NYSE:MUR,8.51,9.07,8.22,8.81,4088921.0
2020-09-25 05:30:00,NYSE:MUR,8.68,8.905,8.56,8.73,4036597.0
2020-09-28 05:30:00,NYSE:MUR,8.97,9.4,8.87,9.2,4126947.0
2020-09-29 05:30:00,NYSE:MUR,9.12,9.12,8.7,8.82,3573820.0
2020-09-30 05:30:00,NYSE:MUR,8.89,9.295,8.79,8.92,5320222.0
2020-10-01 05:30:00,NYSE:MUR,8.71,8.83,8.34,8.43,4197429.0
2020-10-02 05:30:00,NYSE:MUR,8.0,8.795,7.96,8.57,5878406.0
2020-10-05 05:30:00,NYSE:MUR,8.79,8.9602,8.48,8.83,4727549.0
2020-10-06 05:30:00,NYSE:MUR,9.05,9.26,8.41,8.42,4578137.0
2020-10-07 05:30:00,NYSE:MUR,8.5,8.66,8.37,8.58,3217251.0
2020-10-08 05:30:00,NYSE:MUR,8.72,9.19,8.52,9.19,3452741.0
2020-10-09 05:30:00,NYSE:MUR,9.29,9.36,8.6,8.69,4151793.0
2020-10-12 05:30:00,NYSE:MUR,8.67,8.67,8.235,8.63,6909493.0
2020-10-13 05:30:00,NYSE:MUR,8.55,8.68,8.23,8.3,6154587.0
2020-10-14 05:30:00,NYSE:MUR,8.31,8.98,8.31,8.49,5136600.0
2020-10-15 05:30:00,NYSE:MUR,8.29,8.855,8.22,8.85,3958542.0
2020-10-16 05:30:00,NYSE:MUR,8.77,8.96,8.5,8.55,3848542.0
2020-10-19 05:30:00,NYSE:MUR,8.62,8.66,8.28,8.29,4375499.0
2020-10-20 05:30:00,NYSE:MUR,8.34,8.915,8.34,8.7,4749063.0
2020-10-21 05:30:00,NYSE:MUR,8.58,8.995,8.445,8.5,5601493.0
2020-10-22 05:30:00,NYSE:MUR,8.51,9.0,8.44,8.98,4863906.0
2020-10-23 05:30:00,NYSE:MUR,9.08,9.175,8.65,8.72,3454771.0
2020-10-26 05:30:00,NYSE:MUR,8.62,8.62,7.9,8.03,5599628.0
2020-10-27 05:30:00,NYSE:MUR,7.98,8.1,7.83,8.0,2866260.0
2020-10-28 05:30:00,NYSE:MUR,7.7,7.81,7.24,7.38,5969977.0
2020-10-29 05:30:00,NYSE:MUR,7.15,7.8,7.01,7.8,4071659.0
2020-10-30 05:30:00,NYSE:MUR,7.74,7.84,7.51,7.72,3727504.0
2020-11-02 05:30:00,NYSE:MUR,7.85,8.05,7.56,7.93,3711961.0
2020-11-03 05:30:00,NYSE:MUR,8.14,8.22,7.6,7.69,3848650.0
2020-11-04 05:30:00,NYSE:MUR,7.72,7.805,7.31,7.69,5788313.0
2020-11-05 05:30:00,NYSE:MUR,7.5,7.75,7.21,7.28,5339018.0
2020-11-06 05:30:00,NYSE:MUR,7.25,7.555,7.0,7.04,4340231.0
2020-11-09 05:30:00,NYSE:MUR,8.0,9.11,7.97,8.68,9076130.0
2020-11-10 05:30:00,NYSE:MUR,8.96,8.98,8.49,8.69,5053147.0
2020-11-11 05:30:00,NYSE:MUR,8.83,8.97,8.545,8.65,3719551.0
2020-11-12 05:30:00,NYSE:MUR,8.45,8.9,8.29,8.39,3802765.0
2020-11-13 05:30:00,NYSE:MUR,8.37,8.78,8.3389,8.75,3272511.0
2020-11-16 05:30:00,NYSE:MUR,9.25,9.49,9.08,9.48,4145600.0
2020-11-17 05:30:00,NYSE:MUR,9.3,9.62,9.15,9.57,3792109.0
2020-11-18 05:30:00,NYSE:MUR,9.77,10.05,9.35,9.36,4043851.0
2020-11-19 05:30:00,NYSE:MUR,9.22,9.83,9.15,9.79,4064572.0
2020-11-20 05:30:00,NYSE:MUR,9.76,9.94,9.51,9.53,4265374.0
2020-11-23 05:30:00,NYSE:MUR,9.84,10.72,9.77,10.71,5301418.0
2020-11-24 05:30:00,NYSE:MUR,11.3,11.69,11.055,11.43,6830983.0
2020-11-25 05:30:00,NYSE:MUR,11.21,11.585,10.965,11.34,4549498.0
2020-11-27 05:30:00,NYSE:MUR,11.28,11.36,10.993,11.14,1934535.0
2020-11-30 05:30:00,NYSE:MUR,10.83,10.95,10.02,10.06,4827921.0
2020-12-01 05:30:00,NYSE:MUR,10.48,10.56,9.83,10.05,3987266.0
2020-12-02 05:30:00,NYSE:MUR,10.01,11.23,9.98,10.78,5471397.0
2020-12-03 05:30:00,NYSE:MUR,10.94,11.4799,10.755,11.22,5364735.0
2020-12-04 05:30:00,NYSE:MUR,11.5,12.47,11.475,12.46,5320574.0
2020-12-07 05:30:00,NYSE:MUR,12.25,12.4,11.65,11.7,6093021.0
2020-12-08 05:30:00,NYSE:MUR,11.56,12.29,11.55,12.24,4877923.0
2020-12-09 05:30:00,NYSE:MUR,12.45,12.92,12.08,12.4,6995354.0
2020-12-10 05:30:00,NYSE:MUR,12.4,13.67,12.345,13.61,7289096.0
2020-12-11 05:30:00,NYSE:MUR,13.8,13.8,13.18,13.45,3989217.0
2020-12-14 05:30:00,NYSE:MUR,13.86,13.98,12.86,12.92,3939561.0
2020-12-15 05:30:00,NYSE:MUR,12.7,13.14,12.5163,13.13,5029654.0
2020-12-16 05:30:00,NYSE:MUR,13.16,13.19,12.35,12.41,4236402.0
2020-12-17 05:30:00,NYSE:MUR,12.51,12.62,12.04,12.17,3968835.0
2020-12-18 05:30:00,NYSE:MUR,12.13,12.38,11.94,12.24,6628428.0
2020-12-21 05:30:00,NYSE:MUR,11.41,11.98,11.15,11.79,4625449.0
2020-12-22 05:30:00,NYSE:MUR,11.74,11.84,11.465,11.5,3542033.0
2020-12-23 05:30:00,NYSE:MUR,11.66,12.46,11.657,12.36,3777519.0
2020-12-24 05:30:00,NYSE:MUR,12.45,12.47,11.99,12.16,1577279.0
2020-12-28 05:30:00,NYSE:MUR,12.22,12.565,11.98,12.01,2650048.0
2020-12-29 05:30:00,NYSE:MUR,12.14,12.36,11.92,12.07,2913699.0
2020-12-30 05:30:00,NYSE:MUR,12.02,12.4484,12.0,12.31,2369348.0
2020-12-31 05:30:00,NYSE:MUR,12.17,12.369,12.05,12.1,2638350.0
2021-01-04 05:30:00,NYSE:MUR,12.29,12.705,12.05,12.52,3718301.0
2021-01-05 05:30:00,NYSE:MUR,12.82,13.9,12.765,13.6,4784597.0
2021-01-06 05:30:00,NYSE:MUR,13.76,15.055,13.39,14.69,12001552.0
2021-01-07 05:30:00,NYSE:MUR,15.0,15.1755,14.5601,14.74,4858331.0
2021-01-08 05:30:00,NYSE:MUR,15.02,15.02,14.01,14.09,3755157.0
2021-01-11 05:30:00,NYSE:MUR,13.5,14.2,13.36,14.13,3027143.0
2021-01-12 05:30:00,NYSE:MUR,14.46,15.4,14.37,15.39,4226120.0
2021-01-13 05:30:00,NYSE:MUR,15.35,15.375,14.5,14.77,3486857.0
2021-01-14 05:30:00,NYSE:MUR,15.0,15.835,14.965,15.57,3441635.0
2021-01-15 05:30:00,NYSE:MUR,15.27,15.36,14.54,14.69,4050488.0
2021-01-19 05:30:00,NYSE:MUR,14.95,15.78,14.9104,15.56,3823026.0
2021-01-20 05:30:00,NYSE:MUR,15.76,15.8869,15.01,15.13,3334203.0
2021-01-21 05:30:00,NYSE:MUR,15.07,15.29,12.585,13.01,12326053.0
2021-01-22 05:30:00,NYSE:MUR,12.39,12.8651,12.05,12.52,7831196.0
2021-01-25 05:30:00,NYSE:MUR,12.23,12.745,11.6635,12.55,7161660.0
2021-01-26 05:30:00,NYSE:MUR,12.68,13.2,12.5,12.71,5539825.0
2021-01-27 05:30:00,NYSE:MUR,12.37,14.745,12.28,14.0,10594692.0
2021-01-28 05:30:00,NYSE:MUR,13.85,14.01,12.66,12.93,7998650.0
2021-01-29 05:30:00,NYSE:MUR,12.78,13.485,12.225,12.37,5658533.0
2021-02-01 05:30:00,NYSE:MUR,12.55,12.65,11.885,12.1,5054332.0
2021-02-02 05:30:00,NYSE:MUR,12.5,12.62,11.985,12.24,4408775.0
2021-02-03 05:30:00,NYSE:MUR,12.36,13.29,12.36,13.14,4220025.0
2021-02-04 05:30:00,NYSE:MUR,13.03,13.1999,12.68,13.0,2641116.0
2021-02-05 05:30:00,NYSE:MUR,13.26,13.41,12.91,13.03,2415958.0
2021-02-08 05:30:00,NYSE:MUR,13.28,14.48,13.275,14.42,3897527.0
2021-02-09 05:30:00,NYSE:MUR,14.2,14.26,13.69,13.71,2985998.0
2021-02-10 05:30:00,NYSE:MUR,13.84,14.64,13.75,14.51,4242281.0
2021-02-11 05:30:00,NYSE:MUR,14.32,14.44,13.595,13.88,3240318.0
2021-02-12 05:30:00,NYSE:MUR,13.56,14.41,13.51,14.28,2458720.0
2021-02-16 05:30:00,NYSE:MUR,14.87,15.22,14.56,14.86,2738661.0
2021-02-17 05:30:00,NYSE:MUR,14.95,15.31,14.5358,15.24,3647661.0
2021-02-18 05:30:00,NYSE:MUR,15.2,15.31,14.35,14.4,4774155.0
2021-02-19 05:30:00,NYSE:MUR,14.45,15.06,14.42,14.95,2803929.0
2021-02-22 05:30:00,NYSE:MUR,15.2,16.475,15.09,15.71,5037178.0
2021-02-23 05:30:00,NYSE:MUR,15.89,16.41,14.63,16.23,4558510.0
2021-02-24 05:30:00,NYSE:MUR,16.39,17.63,16.23,17.34,4400262.0
2021-02-25 05:30:00,NYSE:MUR,17.52,17.88,16.5,16.65,4297317.0
2021-02-26 05:30:00,NYSE:MUR,16.35,16.72,15.465,16.33,3487437.0
2021-03-01 05:30:00,NYSE:MUR,16.9,17.26,16.455,16.78,3329993.0
2021-03-02 05:30:00,NYSE:MUR,16.78,17.61,16.47,16.51,4185523.0
2021-03-03 05:30:00,NYSE:MUR,16.7,17.99,16.6,17.46,3779425.0
2021-03-04 05:30:00,NYSE:MUR,17.82,19.4878,17.66,18.83,5134894.0
2021-03-05 05:30:00,NYSE:MUR,19.5,19.89,18.73,19.89,8458223.0
2021-03-08 05:30:00,NYSE:MUR,20.08,20.5288,18.335,18.67,4965538.0
2021-03-09 05:30:00,NYSE:MUR,18.6,18.8,17.881,18.25,3603768.0
2021-03-10 05:30:00,NYSE:MUR,18.39,19.11,18.14,18.97,3104625.0
2021-03-11 05:30:00,NYSE:MUR,19.14,19.93,19.01,19.9,3832364.0
2021-03-12 05:30:00,NYSE:MUR,20.16,20.37,19.8,20.22,3586254.0
2021-03-15 05:30:00,NYSE:MUR,19.85,20.2,19.54,20.06,2577313.0
2021-03-16 05:30:00,NYSE:MUR,19.56,19.72,18.21,18.29,5433947.0
2021-03-17 05:30:00,NYSE:MUR,18.2,18.97,18.06,18.97,2450947.0
2021-03-18 05:30:00,NYSE:MUR,18.74,18.75,17.06,17.23,4546070.0
2021-03-19 05:30:00,NYSE:MUR,17.28,18.575,16.91,18.42,6387512.0
2021-03-22 05:30:00,NYSE:MUR,18.17,18.35,17.24,17.37,3335647.0
2021-03-23 05:30:00,NYSE:MUR,16.55,17.27,16.26,16.48,4298250.0
2021-03-24 05:30:00,NYSE:MUR,17.05,17.41,16.705,16.75,2828431.0
2021-03-25 05:30:00,NYSE:MUR,16.13,16.84,15.6499,16.79,3277225.0
2021-03-26 05:30:00,NYSE:MUR,17.4,17.55,16.8,17.3,2493058.0
2021-03-29 05:30:00,NYSE:MUR,16.99,17.18,16.32,16.67,2236848.0
2021-03-30 05:30:00,NYSE:MUR,16.44,16.92,16.25,16.65,2020972.0
2021-03-31 05:30:00,NYSE:MUR,16.61,16.73,16.31,16.41,2391913.0
2021-04-01 05:30:00,NYSE:MUR,16.58,17.43,16.46,17.42,2478614.0
2021-04-05 05:30:00,NYSE:MUR,17.24,17.27,16.23,16.3,2694787.0
2021-04-06 05:30:00,NYSE:MUR,16.58,17.26,16.53,16.74,2736321.0
2021-04-07 05:30:00,NYSE:MUR,16.76,17.29,16.62,17.08,3021274.0
2021-04-08 05:30:00,NYSE:MUR,16.81,16.89,16.27,16.65,2529023.0
2021-04-09 05:30:00,NYSE:MUR,16.57,16.8799,16.33,16.42,1508915.0
2021-04-12 05:30:00,NYSE:MUR,16.76,17.12,16.36,16.43,1787539.0
2021-04-13 05:30:00,NYSE:MUR,16.4,16.68,16.2492,16.4,1766295.0
2021-04-14 05:30:00,NYSE:MUR,16.78,17.77,16.66,17.35,2670824.0
2021-04-15 05:30:00,NYSE:MUR,17.56,17.57,17.17,17.38,2605314.0
2021-04-16 05:30:00,NYSE:MUR,17.42,17.51,16.835,16.9,1605429.0
2021-04-19 05:30:00,NYSE:MUR,16.94,17.25,16.54,16.69,1949831.0
2021-04-20 05:30:00,NYSE:MUR,16.5,16.69,15.28,15.66,3328153.0
2021-04-21 05:30:00,NYSE:MUR,15.23,15.965,14.91,15.86,2031552.0
2021-04-22 05:30:00,NYSE:MUR,15.95,16.04,15.4001,15.66,2399408.0
2021-04-23 05:30:00,NYSE:MUR,15.64,16.16,15.52,16.04,2160497.0
2021-04-26 05:30:00,NYSE:MUR,15.9,16.7,15.86,16.45,2518777.0
2021-04-27 05:30:00,NYSE:MUR,16.58,16.98,16.36,16.88,1941855.0
2021-04-28 05:30:00,NYSE:MUR,17.0,17.86,16.975,17.7,2821705.0
2021-04-29 05:30:00,NYSE:MUR,18.03,18.39,17.395,17.72,2092213.0
2021-04-30 05:30:00,NYSE:MUR,17.35,17.8,16.89,16.93,2687659.0
2021-05-03 05:30:00,NYSE:MUR,17.17,17.55,16.96,17.43,2108407.0
2021-05-04 05:30:00,NYSE:MUR,17.56,17.7,16.79,17.36,2333589.0
2021-05-05 05:30:00,NYSE:MUR,17.62,18.831,17.2,18.47,3714879.0
2021-05-06 05:30:00,NYSE:MUR,18.35,18.55,17.5899,18.39,2585171.0
2021-05-07 05:30:00,NYSE:MUR,18.26,19.73,17.87,19.69,3923406.0
2021-05-10 05:30:00,NYSE:MUR,20.0,20.74,19.88,20.29,3571883.0
2021-05-11 05:30:00,NYSE:MUR,19.39,20.33,18.85,20.13,3159444.0
2021-05-12 05:30:00,NYSE:MUR,20.39,21.72,20.0325,20.13,3858271.0
2021-05-13 05:30:00,NYSE:MUR,19.67,20.29,18.87,19.18,3078811.0
2021-05-14 05:30:00,NYSE:MUR,19.5,20.44,19.5,20.27,2398174.0
2021-05-17 05:30:00,NYSE:MUR,20.14,21.47,20.01,21.44,2692772.0
2021-05-18 05:30:00,NYSE:MUR,21.32,21.7199,20.92,20.96,2853253.0
2021-05-19 05:30:00,NYSE:MUR,20.22,20.8,20.015,20.66,2781840.0
2021-05-20 05:30:00,NYSE:MUR,20.67,21.17,20.2,20.99,2659390.0
2021-05-21 05:30:00,NYSE:MUR,21.43,21.57,20.86,20.95,1922563.0
2021-05-24 05:30:00,NYSE:MUR,21.32,21.95,20.76,21.91,2253037.0
2021-05-25 05:30:00,NYSE:MUR,21.81,22.0,20.655,20.7,2810474.0
2021-05-26 05:30:00,NYSE:MUR,20.81,21.41,20.56,21.29,1959865.0
2021-05-27 05:30:00,NYSE:MUR,21.3,22.0,21.25,21.69,2730374.0
2021-05-28 05:30:00,NYSE:MUR,21.89,21.955,21.45,21.69,1817638.0
2021-06-01 05:30:00,NYSE:MUR,22.0,23.76,22.0,23.73,4170338.0
2021-06-02 05:30:00,NYSE:MUR,23.99,24.9,23.35,24.49,2976473.0
2021-06-03 05:30:00,NYSE:MUR,24.23,24.745,23.93,24.25,1822246.0
2021-06-04 05:30:00,NYSE:MUR,24.55,24.71,23.78,24.19,1626411.0
2021-06-07 05:30:00,NYSE:MUR,24.23,24.59,23.94,24.04,1644283.0
2021-06-08 05:30:00,NYSE:MUR,23.56,24.24,23.21,23.89,1773490.0
2021-06-09 05:30:00,NYSE:MUR,23.93,24.12,23.42,23.47,2139614.0
2021-06-10 05:30:00,NYSE:MUR,23.99,24.2328,23.0101,23.58,2015379.0
2021-06-11 05:30:00,NYSE:MUR,23.84,24.06,23.46,23.71,1057429.0
2021-06-14 05:30:00,NYSE:MUR,23.95,24.5,23.475,23.65,2132384.0
2021-06-15 05:30:00,NYSE:MUR,23.86,24.585,23.69,24.52,2099162.0
2021-06-16 05:30:00,NYSE:MUR,24.31,24.99,24.04,24.67,2126526.0
2021-06-17 05:30:00,NYSE:MUR,24.5,24.86,22.53,23.24,3617574.0
2021-06-18 05:30:00,NYSE:MUR,22.83,23.62,22.46,23.06,4095269.0
2021-06-21 05:30:00,NYSE:MUR,23.4,24.94,23.18,24.93,2515889.0
2021-06-22 05:30:00,NYSE:MUR,24.84,25.47,24.5927,25.0,3055167.0
2021-06-23 05:30:00,NYSE:MUR,25.42,25.77,24.93,24.94,2632653.0
2021-06-24 05:30:00,NYSE:MUR,24.89,25.75,24.83,25.53,2512100.0
2021-06-25 05:30:00,NYSE:MUR,25.84,25.97,25.03,25.29,19533841.0
2021-06-28 05:30:00,NYSE:MUR,25.0,25.04,23.27,23.49,3532871.0
2021-06-29 05:30:00,NYSE:MUR,23.81,23.97,23.1,23.18,2070536.0
2021-06-30 05:30:00,NYSE:MUR,23.51,23.65,22.92,23.28,3245332.0
2021-07-01 05:30:00,NYSE:MUR,24.43,25.23,24.0092,24.66,2935841.0
2021-07-02 05:30:00,NYSE:MUR,24.46,24.54,24.12,24.19,1568743.0
2021-07-06 05:30:00,NYSE:MUR,24.14,24.14,22.58,22.97,3088612.0
2021-07-07 05:30:00,NYSE:MUR,22.97,23.4467,22.26,22.81,1785103.0
2021-07-08 05:30:00,NYSE:MUR,22.22,23.05,22.06,22.75,1669974.0
2021-07-09 05:30:00,NYSE:MUR,23.26,23.65,22.73,23.54,1879305.0
2021-07-12 05:30:00,NYSE:MUR,23.13,23.45,22.66,23.14,1516333.0
2021-07-13 05:30:00,NYSE:MUR,22.91,23.06,22.42,22.73,1662517.0
2021-07-14 05:30:00,NYSE:MUR,23.05,23.49,21.18,21.4,2790226.0
2021-07-15 05:30:00,NYSE:MUR,21.09,21.565,20.7,20.88,2285276.0
2021-07-16 05:30:00,NYSE:MUR,21.22,21.28,19.92,19.99,2317655.0
2021-07-19 05:30:00,NYSE:MUR,19.01,19.41,18.44,19.04,3441045.0
2021-07-20 05:30:00,NYSE:MUR,19.04,19.96,18.77,19.69,2786709.0
2021-07-21 05:30:00,NYSE:MUR,20.25,21.23,20.02,21.15,2699192.0
2021-07-22 05:30:00,NYSE:MUR,21.1,21.13,20.39,20.75,1983117.0
2021-07-23 05:30:00,NYSE:MUR,20.93,20.96,20.28,20.72,1518365.0
2021-07-26 05:30:00,NYSE:MUR,20.72,22.0,20.72,21.97,1784149.0
2021-07-27 05:30:00,NYSE:MUR,21.73,21.73,20.9,21.25,1852963.0
2021-07-28 05:30:00,NYSE:MUR,21.49,22.11,21.06,21.84,1670001.0
2021-07-29 05:30:00,NYSE:MUR,22.34,22.87,22.04,22.24,2595394.0
2021-07-30 05:30:00,NYSE:MUR,21.94,22.19,21.45,21.71,1922845.0
2021-08-02 05:30:00,NYSE:MUR,21.53,21.85,20.63,20.64,2343118.0
2021-08-03 05:30:00,NYSE:MUR,20.57,21.445,20.25,21.25,2320132.0
2021-08-04 05:30:00,NYSE:MUR,20.54,21.06,20.025,20.07,2411836.0
2021-08-05 05:30:00,NYSE:MUR,20.76,22.005,20.47,21.22,3086328.0
2021-08-06 05:30:00,NYSE:MUR,21.63,22.03,21.185,21.56,1721582.0
2021-08-09 05:30:00,NYSE:MUR,20.91,21.6,20.84,21.29,1604110.0
2021-08-10 05:30:00,NYSE:MUR,21.72,22.52,21.43,22.35,1912653.0
2021-08-11 05:30:00,NYSE:MUR,22.07,22.68,21.79,22.61,1735869.0
2021-08-12 05:30:00,NYSE:MUR,22.61,22.95,22.05,22.5,1168006.0
2021-08-13 05:30:00,NYSE:MUR,22.35,22.35,21.69,21.72,1342707.0
2021-08-16 05:30:00,NYSE:MUR,21.3,21.31,20.475,20.76,1564109.0
2021-08-17 05:30:00,NYSE:MUR,20.52,21.51,20.331,20.94,2167386.0
2021-08-18 05:30:00,NYSE:MUR,21.1,21.51,20.41,20.47,2024337.0
2021-08-19 05:30:00,NYSE:MUR,20.05,20.16,18.865,19.38,2620660.0
2021-08-20 05:30:00,NYSE:MUR,19.13,19.57,18.835,19.37,2234161.0
2021-08-23 05:30:00,NYSE:MUR,20.19,20.5699,20.02,20.44,1997364.0
2021-08-24 05:30:00,NYSE:MUR,20.8,21.445,20.74,21.39,1912588.0
2021-08-25 05:30:00,NYSE:MUR,21.48,21.88,21.04,21.74,1214784.0
2021-08-26 05:30:00,NYSE:MUR,21.6,21.71,20.745,20.83,1466968.0
2021-08-27 05:30:00,NYSE:MUR,21.29,22.16,21.245,21.97,1920430.0
2021-08-30 05:30:00,NYSE:MUR,22.28,22.38,21.57,21.6,1215996.0
2021-08-31 05:30:00,NYSE:MUR,21.39,21.92,21.2,21.26,2140553.0
2021-09-01 05:30:00,NYSE:MUR,21.21,21.29,20.415,20.68,2164012.0
2021-09-02 05:30:00,NYSE:MUR,21.1,22.12,21.1,21.75,2414981.0
2021-09-03 05:30:00,NYSE:MUR,21.72,21.75,20.84,20.95,2087928.0
2021-09-07 05:30:00,NYSE:MUR,20.61,21.33,20.58,20.77,1679712.0
2021-09-08 05:30:00,NYSE:MUR,20.98,21.15,19.78,19.83,2018171.0
2021-09-09 05:30:00,NYSE:MUR,19.56,20.64,19.4401,20.29,1860574.0
2021-09-10 05:30:00,NYSE:MUR,20.85,20.88,20.09,20.11,1392011.0
2021-09-13 05:30:00,NYSE:MUR,20.58,21.45,20.5204,21.14,2115705.0
2021-09-14 05:30:00,NYSE:MUR,21.5,21.5,20.22,20.47,1685724.0
2021-09-15 05:30:00,NYSE:MUR,21.15,22.15,21.0,22.14,2277866.0
2021-09-16 05:30:00,NYSE:MUR,21.94,21.94,21.3199,21.56,1651067.0
2021-09-17 05:30:00,NYSE:MUR,21.57,21.92,21.04,21.13,3313428.0
2021-09-20 05:30:00,NYSE:MUR,20.19,20.62,19.48,19.93,2495436.0
2021-09-21 05:30:00,NYSE:MUR,20.34,20.44,19.72,20.12,1718782.0
2021-09-22 05:30:00,NYSE:MUR,20.72,21.61,20.6101,21.21,2096139.0
2021-09-23 05:30:00,NYSE:MUR,21.495,22.19,21.17,22.1,1616630.0
2021-09-24 05:30:00,NYSE:MUR,21.64,22.47,21.53,22.31,1774378.0
2021-09-27 05:30:00,NYSE:MUR,22.98,24.65,22.97,24.34,3100852.0
2021-09-28 05:30:00,NYSE:MUR,24.8,24.91,24.11,24.43,2773031.0
2021-09-29 05:30:00,NYSE:MUR,24.26,25.01,23.771,24.98,2016051.0
2021-09-30 05:30:00,NYSE:MUR,25.04,25.25,24.4,24.97,2274560.0
2021-10-01 05:30:00,NYSE:MUR,25.31,26.48,25.25,26.36,2315257.0
2021-10-04 05:30:00,NYSE:MUR,26.87,27.68,26.66,27.68,3491266.0
2021-10-05 05:30:00,NYSE:MUR,28.14,28.57,26.75,27.29,2840928.0
2021-10-06 05:30:00,NYSE:MUR,26.77,27.39,26.11,26.51,2639558.0
2021-10-07 05:30:00,NYSE:MUR,26.78,28.015,26.38,27.81,3019126.0
2021-10-08 05:30:00,NYSE:MUR,27.95,29.59,27.95,29.51,2567409.0
2021-10-11 05:30:00,NYSE:MUR,30.0,30.25,29.16,29.21,1827202.0
2021-10-12 05:30:00,NYSE:MUR,28.98,29.75,28.861,29.17,1406108.0
2021-10-13 05:30:00,NYSE:MUR,28.46,29.01,28.12,28.65,1631482.0
2021-10-14 05:30:00,NYSE:MUR,29.22,29.435,28.381,28.69,1600670.0
2021-10-15 05:30:00,NYSE:MUR,29.31,29.63,28.515,28.52,1842534.0
2021-10-18 05:30:00,NYSE:MUR,28.99,29.54,28.07,28.31,2184310.0
2021-10-19 05:30:00,NYSE:MUR,28.33,29.07,28.06,28.8,1830620.0
2021-10-20 05:30:00,NYSE:MUR,28.31,29.135,27.96,29.11,1373017.0
2021-10-21 05:30:00,NYSE:MUR,28.97,29.05,27.88,28.15,1390336.0
2021-10-22 05:30:00,NYSE:MUR,28.44,28.62,27.73,28.61,1425300.0
2021-10-25 05:30:00,NYSE:MUR,29.24,29.63,28.73,29.0,1452807.0
2021-10-26 05:30:00,NYSE:MUR,29.13,29.23,28.51,28.72,1159564.0
2021-10-27 05:30:00,NYSE:MUR,27.9,28.37,27.1,27.28,1582868.0
2021-10-28 05:30:00,NYSE:MUR,27.31,28.05,27.31,28.04,1017994.0
2021-10-29 05:30:00,NYSE:MUR,28.04,28.21,26.9,27.83,1794152.0
2021-11-01 05:30:00,NYSE:MUR,28.5,29.165,28.4,29.0,1704003.0
2021-11-02 05:30:00,NYSE:MUR,28.67,29.48,28.32,28.9,1594957.0
2021-11-03 05:30:00,NYSE:MUR,28.14,28.89,27.8,27.9,1851762.0
2021-11-04 05:30:00,NYSE:MUR,29.21,29.289,26.93,27.52,2436326.0
2021-11-05 05:30:00,NYSE:MUR,28.31,28.88,27.64,28.78,1710399.0
2021-11-08 05:30:00,NYSE:MUR,29.35,31.0,29.2543,30.27,3085567.0
2021-11-09 05:30:00,NYSE:MUR,29.83,30.68,29.14,30.59,2562109.0
2021-11-10 05:30:00,NYSE:MUR,30.6,30.64,28.32,28.61,2504288.0
2021-11-11 05:30:00,NYSE:MUR,28.66,29.445,28.49,28.57,2042141.0
2021-11-12 05:30:00,NYSE:MUR,28.03,28.6686,27.675,28.15,1631015.0
2021-11-15 05:30:00,NYSE:MUR,28.02,28.45,27.2835,28.3,1604742.0
2021-11-16 05:30:00,NYSE:MUR,28.29,28.5,27.64,28.17,1385679.0
2021-11-17 05:30:00,NYSE:MUR,27.95,28.33,27.11,27.26,1745541.0
2021-11-18 05:30:00,NYSE:MUR,27.26,27.77,26.74,27.6,1605070.0
2021-11-19 05:30:00,NYSE:MUR,26.56,26.87,26.01,26.33,2181553.0
2021-11-22 05:30:00,NYSE:MUR,26.37,27.76,26.31,27.17,2045981.0
2021-11-23 05:30:00,NYSE:MUR,27.82,29.37,27.82,29.33,2688493.0
2021-11-24 05:30:00,NYSE:MUR,28.85,29.815,28.71,28.79,1736414.0
2021-11-26 05:30:00,NYSE:MUR,26.35,26.65,25.24,25.8,2294517.0
2021-11-29 05:30:00,NYSE:MUR,27.13,27.56,26.15,26.97,2255243.0
2021-11-30 05:30:00,NYSE:MUR,25.97,26.88,25.71,26.58,2426085.0
2021-12-01 05:30:00,NYSE:MUR,27.75,27.75,25.51,25.53,1975152.0
2021-12-02 05:30:00,NYSE:MUR,25.19,27.2,24.9296,26.97,2289801.0
2021-12-03 05:30:00,NYSE:MUR,27.74,27.99,25.98,26.51,1967675.0
2021-12-06 05:30:00,NYSE:MUR,27.38,27.91,26.57,27.41,1631363.0
2021-12-07 05:30:00,NYSE:MUR,28.59,29.86,28.39,29.22,2306663.0
2021-12-08 05:30:00,NYSE:MUR,29.42,29.48,28.5,28.73,1843555.0
2021-12-09 05:30:00,NYSE:MUR,28.7,28.74,27.88,28.06,1080851.0
2021-12-10 05:30:00,NYSE:MUR,28.63,28.695,27.38,28.43,1586163.0
2021-12-13 05:30:00,NYSE:MUR,27.76,28.25,27.2,27.27,1901657.0
2021-12-14 05:30:00,NYSE:MUR,26.84,27.22,26.345,26.6,2400425.0
2021-12-15 05:30:00,NYSE:MUR,26.43,26.685,25.231,26.57,1731394.0
2021-12-16 05:30:00,NYSE:MUR,27.03,27.66,26.22,26.26,1672690.0
2021-12-17 05:30:00,NYSE:MUR,25.91,26.06,24.9,25.1,4831650.0
2021-12-20 05:30:00,NYSE:MUR,23.99,24.55,23.5,24.23,1904100.0
2021-12-21 05:30:00,NYSE:MUR,24.81,25.78,24.73,25.65,1678583.0
2021-12-22 05:30:00,NYSE:MUR,25.52,25.99,25.0,25.86,1311076.0
2021-12-23 05:30:00,NYSE:MUR,26.06,26.3416,25.7186,25.76,1006385.0
2021-12-27 05:30:00,NYSE:MUR,25.7,26.96,25.16,26.95,1128176.0
2021-12-28 05:30:00,NYSE:MUR,27.0,27.2,26.39,26.54,850517.0
2021-12-29 05:30:00,NYSE:MUR,26.39,26.65,26.09,26.22,612743.0
2021-12-30 05:30:00,NYSE:MUR,26.35,26.67,25.92,25.97,844268.0
2021-12-31 05:30:00,NYSE:MUR,25.87,26.29,25.75,26.11,702718.0
2022-01-03 05:30:00,NYSE:MUR,26.26,27.68,26.23,27.67,1934872.0
2022-01-04 05:30:00,NYSE:MUR,28.28,30.105,28.1529,29.88,2660407.0
2022-01-05 05:30:00,NYSE:MUR,30.45,31.25,29.07,29.18,2438919.0
2022-01-06 05:30:00,NYSE:MUR,30.77,31.146,29.9,30.64,1776823.0
2022-01-07 05:30:00,NYSE:MUR,30.79,31.0757,30.45,30.81,1076839.0
2022-01-10 05:30:00,NYSE:MUR,30.81,30.89,29.15,29.63,1454134.0
2022-01-11 05:30:00,NYSE:MUR,30.27,31.5,29.52,31.39,1641006.0
2022-01-12 05:30:00,NYSE:MUR,31.7,32.12,31.14,31.43,1266585.0
2022-01-13 05:30:00,NYSE:MUR,31.29,31.79,30.5,30.67,1309922.0
2022-01-14 05:30:00,NYSE:MUR,30.78,31.87,30.75,31.87,1662488.0
2022-01-18 05:30:00,NYSE:MUR,32.5,32.91,31.1,31.63,1707499.0
2022-01-19 05:30:00,NYSE:MUR,32.13,32.13,30.628,31.26,1790231.0
2022-01-20 05:30:00,NYSE:MUR,30.72,31.98,30.41,30.48,1642320.0
2022-01-21 05:30:00,NYSE:MUR,29.85,30.25,29.04,29.47,2862539.0
2022-01-24 05:30:00,NYSE:MUR,28.5,30.41,27.87,30.21,2687930.0
2022-01-25 05:30:00,NYSE:MUR,29.79,32.215,29.11,31.91,2230269.0
2022-01-26 05:30:00,NYSE:MUR,32.32,32.94,30.15,30.77,2670482.0
2022-01-27 05:30:00,NYSE:MUR,31.59,32.13,29.91,31.28,2555662.0
2022-01-28 05:30:00,NYSE:MUR,31.3,31.63,30.105,31.4,2103513.0
2022-01-31 05:30:00,NYSE:MUR,31.25,32.0577,30.37,31.6,1743461.0
2022-02-01 05:30:00,NYSE:MUR,31.44,32.96,31.27,32.88,2534560.0
2022-02-02 05:30:00,NYSE:MUR,32.55,33.15,31.64,32.84,2279972.0
2022-02-03 05:30:00,NYSE:MUR,32.44,33.45,32.2,33.09,2788286.0
2022-02-04 05:30:00,NYSE:MUR,33.48,35.315,33.38,33.86,2029422.0
2022-02-07 05:30:00,NYSE:MUR,33.78,34.09,32.94,33.43,1638474.0
2022-02-08 05:30:00,NYSE:MUR,33.0,33.18,31.0135,31.38,2307435.0
2022-02-09 05:30:00,NYSE:MUR,31.44,31.96,31.22,31.82,1614746.0
2022-02-10 05:30:00,NYSE:MUR,31.52,33.15,31.44,31.91,1493466.0
2022-02-11 05:30:00,NYSE:MUR,33.15,34.582,32.65,34.48,2679926.0
2022-02-14 05:30:00,NYSE:MUR,34.21,34.34,33.29,33.62,2318431.0
2022-02-15 05:30:00,NYSE:MUR,32.19,33.17,31.71,32.88,1765106.0
2022-02-16 05:30:00,NYSE:MUR,33.435,33.92,32.165,32.41,1709695.0
2022-02-17 05:30:00,NYSE:MUR,32.49,33.41,32.35,32.84,1652388.0
2022-02-18 05:30:00,NYSE:MUR,32.06,33.12,31.88,32.77,1768907.0
2022-02-22 05:30:00,NYSE:MUR,34.0,34.2,31.81,32.24,1798392.0
2022-02-23 05:30:00,NYSE:MUR,32.73,33.53,32.42,32.75,1720263.0
2022-02-24 05:30:00,NYSE:MUR,33.77,33.94,31.6202,32.95,2327471.0
2022-02-25 05:30:00,NYSE:MUR,33.04,33.2,32.0,33.16,2171097.0
2022-02-28 05:30:00,NYSE:MUR,32.86,35.12,32.8199,34.67,2339071.0
2022-03-01 05:30:00,NYSE:MUR,35.22,36.0,34.57,35.25,2782962.0
2022-03-02 05:30:00,NYSE:MUR,36.0,36.53,35.54,35.83,1874479.0
2022-03-03 05:30:00,NYSE:MUR,35.21,35.6799,34.66,35.3,1445500.0
2022-03-04 05:30:00,NYSE:MUR,35.42,37.42,35.42,37.35,2145641.0
2022-03-07 05:30:00,NYSE:MUR,37.86,38.69,36.56,37.48,2783582.0
2022-03-08 05:30:00,NYSE:MUR,38.6,39.41,35.55,36.7,2285024.0
2022-03-09 05:30:00,NYSE:MUR,35.2,36.96,34.36,36.44,1941696.0
2022-03-10 05:30:00,NYSE:MUR,36.84,37.59,36.17,37.13,1437303.0
2022-03-11 05:30:00,NYSE:MUR,36.38,37.63,36.15,36.83,1401716.0
2022-03-14 05:30:00,NYSE:MUR,36.27,37.13,35.25,37.12,2900572.0
2022-03-15 05:30:00,NYSE:MUR,35.53,37.08,35.11,36.53,2292481.0
2022-03-16 05:30:00,NYSE:MUR,36.52,37.26,36.05,36.73,1784696.0
2022-03-17 05:30:00,NYSE:MUR,38.0,38.64,37.54,38.39,1733437.0
2022-03-18 05:30:00,NYSE:MUR,38.51,39.08,38.11,38.7,2976199.0
2022-03-21 05:30:00,NYSE:MUR,39.57,41.07,39.5,41.06,2078953.0
2022-03-22 05:30:00,NYSE:MUR,40.86,41.03,39.88,41.01,1404358.0
2022-03-23 05:30:00,NYSE:MUR,41.94,42.33,40.95,41.46,1533191.0
2022-03-24 05:30:00,NYSE:MUR,41.77,42.29,41.3001,41.56,1347881.0
2022-03-25 05:30:00,NYSE:MUR,41.49,43.2,41.31,43.15,1429076.0
2022-03-28 05:30:00,NYSE:MUR,40.24,40.46,38.06,39.48,5016002.0
2022-03-29 05:30:00,NYSE:MUR,38.46,39.99,37.4204,39.94,2546114.0
2022-03-30 05:30:00,NYSE:MUR,40.68,41.63,40.35,40.57,1983581.0
2022-03-31 05:30:00,NYSE:MUR,39.9,41.69,39.78,40.39,2974718.0
2022-04-01 05:30:00,NYSE:MUR,40.42,41.44,40.14,41.43,1400287.0
2022-04-04 05:30:00,NYSE:MUR,42.07,42.58,41.15,41.66,1406078.0
2022-04-05 05:30:00,NYSE:MUR,42.09,42.58,39.81,39.9,1132438.0
2022-04-06 05:30:00,NYSE:MUR,40.69,40.9,39.62,40.52,1360473.0
2022-04-07 05:30:00,NYSE:MUR,41.47,42.0524,40.26,41.22,1956725.0
2022-04-08 05:30:00,NYSE:MUR,41.51,42.34,41.0,42.25,1821305.0
2022-04-11 05:30:00,NYSE:MUR,41.65,41.65,40.3101,40.69,1293073.0
2022-04-12 05:30:00,NYSE:MUR,41.69,42.87,41.0,41.0,1645214.0
2022-04-13 05:30:00,NYSE:MUR,41.85,42.42,40.725,41.76,1227467.0
2022-04-14 05:30:00,NYSE:MUR,41.9,42.76,41.765,42.44,1003366.0
2022-04-18 05:30:00,NYSE:MUR,42.87,44.63,42.57,43.78,2058869.0
2022-04-19 05:30:00,NYSE:MUR,43.48,44.4127,42.88,43.3,1657818.0
2022-04-20 05:30:00,NYSE:MUR,43.86,44.49,43.5,43.61,1461974.0
2022-04-21 05:30:00,NYSE:MUR,44.07,44.36,40.13,40.36,2113076.0
2022-04-22 05:30:00,NYSE:MUR,40.36,40.86,38.58,38.71,1810643.0
2022-04-25 05:30:00,NYSE:MUR,37.3,38.39,35.78,37.99,2647125.0
2022-04-26 05:30:00,NYSE:MUR,38.28,39.0,37.31,37.32,1532113.0
2022-04-27 05:30:00,NYSE:MUR,37.41,38.08,36.24,37.7,1792462.0
2022-04-28 05:30:00,NYSE:MUR,38.155,39.39,36.77,38.89,1238633.0
2022-04-29 05:30:00,NYSE:MUR,38.93,39.55,37.46,38.08,2082895.0
2022-05-02 05:30:00,NYSE:MUR,37.26,38.18,36.34,37.3,1866212.0
2022-05-03 05:30:00,NYSE:MUR,37.5,39.32,37.41,38.9,1876695.0
2022-05-04 05:30:00,NYSE:MUR,39.31,39.92,37.28,39.72,2579977.0
2022-05-05 05:30:00,NYSE:MUR,39.47,39.84,35.7,37.22,2634635.0
2022-05-06 05:30:00,NYSE:MUR,37.94,38.45,36.35,38.27,3056952.0
2022-05-09 05:30:00,NYSE:MUR,36.96,37.2,32.82,33.32,3507249.0
2022-05-10 05:30:00,NYSE:MUR,33.69,34.62,31.661,32.86,2678852.0
2022-05-11 05:30:00,NYSE:MUR,33.78,35.625,32.89,33.06,2428025.0
2022-05-12 05:30:00,NYSE:MUR,32.71,33.25,31.8315,33.22,1859128.0
2022-05-13 05:30:00,NYSE:MUR,33.9,35.07,33.9,34.41,1595244.0
2022-05-16 05:30:00,NYSE:MUR,34.64,35.66,34.62,35.12,1242395.0
2022-05-17 05:30:00,NYSE:MUR,35.72,36.49,35.54,36.25,1380681.0
2022-05-18 05:30:00,NYSE:MUR,36.66,36.77,33.725,34.37,1565657.0
2022-05-19 05:30:00,NYSE:MUR,33.35,35.07,33.34,34.17,1403064.0
2022-05-20 05:30:00,NYSE:MUR,34.53,35.49,34.06,35.22,1446801.0
2022-05-23 05:30:00,NYSE:MUR,35.66,36.93,35.04,36.87,1519867.0
2022-05-24 05:30:00,NYSE:MUR,36.53,37.24,35.58,36.63,1161432.0
2022-05-25 05:30:00,NYSE:MUR,36.9,38.87,36.9,38.83,1773736.0
2022-05-26 05:30:00,NYSE:MUR,39.0,41.08,39.0,40.91,2006193.0
2022-05-27 05:30:00,NYSE:MUR,40.94,43.5,40.55,43.48,2342268.0
2022-05-31 05:30:00,NYSE:MUR,44.39,44.88,41.97,42.42,2764347.0
2022-06-01 05:30:00,NYSE:MUR,42.8,44.06,42.055,43.02,1778869.0
2022-06-02 05:30:00,NYSE:MUR,42.51,43.72,41.905,43.34,1257740.0
2022-06-03 05:30:00,NYSE:MUR,43.39,43.805,42.8,43.46,1728085.0
2022-06-06 05:30:00,NYSE:MUR,44.3,44.38,42.41,43.41,1689714.0
2022-06-07 05:30:00,NYSE:MUR,43.08,45.41,43.05,45.32,1706917.0
2022-06-08 05:30:00,NYSE:MUR,45.66,45.79,44.16,44.62,1372136.0
2022-06-09 05:30:00,NYSE:MUR,43.91,45.75,43.32,45.03,1582738.0
2022-06-10 05:30:00,NYSE:MUR,43.77,45.3,43.25,44.15,1200798.0
2022-06-13 05:30:00,NYSE:MUR,42.34,42.795,40.0148,41.69,1972033.0
2022-06-14 05:30:00,NYSE:MUR,43.14,43.15,40.9,41.58,2019354.0
2022-06-15 05:30:00,NYSE:MUR,41.33,41.51,39.54,40.38,2082154.0
2022-06-16 05:30:00,NYSE:MUR,39.07,39.37,35.88,36.38,3170895.0
2022-06-17 05:30:00,NYSE:MUR,36.41,36.47,33.06,33.64,3982785.0
2022-06-21 05:30:00,NYSE:MUR,34.58,35.09,33.51,34.18,2393044.0
2022-06-22 05:30:00,NYSE:MUR,31.95,32.93,31.27,31.92,3284749.0
2022-06-23 05:30:00,NYSE:MUR,32.71,32.71,30.34,31.35,2935087.0
2022-06-24 05:30:00,NYSE:MUR,32.0,33.1725,31.25,31.95,3950642.0
2022-06-27 05:30:00,NYSE:MUR,32.57,33.51,32.145,33.23,1683750.0
2022-06-28 05:30:00,NYSE:MUR,34.22,34.56,32.94,33.6,1907072.0
2022-06-29 05:30:00,NYSE:MUR,34.23,34.39,31.35,31.56,2406710.0
2022-06-30 05:30:00,NYSE:MUR,30.6,31.09,29.77,30.19,2689902.0
2022-07-01 05:30:00,NYSE:MUR,30.52,30.66,28.93,30.39,2284995.0
2022-07-05 05:30:00,NYSE:MUR,29.31,29.55,27.25,27.83,2223017.0
2022-07-06 05:30:00,NYSE:MUR,27.42,28.08,26.075,27.28,1855266.0
2022-07-07 05:30:00,NYSE:MUR,28.31,29.17,27.98,28.75,1968788.0
2022-07-08 05:30:00,NYSE:MUR,29.24,29.35,28.03,28.95,1397461.0
2022-07-11 05:30:00,NYSE:MUR,28.49,29.04,27.84,28.85,1361177.0
2022-07-12 05:30:00,NYSE:MUR,27.59,28.38,27.29,27.76,1625029.0
2022-07-13 05:30:00,NYSE:MUR,27.21,28.6,27.21,27.7,1230600.0
2022-07-14 05:30:00,NYSE:MUR,26.37,27.06,25.9667,27.0,1322595.0
2022-07-15 05:30:00,NYSE:MUR,28.04,28.3,27.36,28.27,1613968.0
2022-07-18 05:30:00,NYSE:MUR,29.13,30.18,29.13,29.56,1469819.0
2022-07-19 05:30:00,NYSE:MUR,29.45,31.135,29.425,31.02,1458803.0
2022-07-20 05:30:00,NYSE:MUR,30.72,31.86,30.46,31.71,1176519.0
2022-07-21 05:30:00,NYSE:MUR,30.38,30.84,29.755,30.83,1102089.0
2022-07-22 05:30:00,NYSE:MUR,30.77,31.27,29.81,30.06,1044608.0
2022-07-25 05:30:00,NYSE:MUR,30.73,32.16,30.21,32.15,1106808.0
2022-07-26 05:30:00,NYSE:MUR,32.79,33.0,31.35,31.94,1162592.0
2022-07-27 05:30:00,NYSE:MUR,32.32,33.489,31.84,33.22,1047876.0
2022-07-28 05:30:00,NYSE:MUR,33.65,34.05,32.65,33.4,1201923.0
2022-07-29 05:30:00,NYSE:MUR,34.43,35.23,34.09,35.14,1377181.0
2022-08-01 05:30:00,NYSE:MUR,34.0,34.98,33.27,34.52,1345885.0
2022-08-02 05:30:00,NYSE:MUR,34.55,34.64,33.37,34.13,1121323.0
2022-08-03 05:30:00,NYSE:MUR,34.65,34.65,31.89,32.05,2274480.0
2022-08-04 05:30:00,NYSE:MUR,32.5,34.125,31.81,32.47,3216100.0
2022-08-05 05:30:00,NYSE:MUR,31.49,33.43,31.24,32.6,1883681.0
2022-08-08 05:30:00,NYSE:MUR,32.52,33.39,32.36,32.54,1425460.0
2022-08-09 05:30:00,NYSE:MUR,33.17,33.6821,32.675,33.44,1664053.0
2022-08-10 05:30:00,NYSE:MUR,33.43,33.97,32.59,33.82,923166.0
2022-08-11 05:30:00,NYSE:MUR,34.92,35.89,34.76,34.94,2177638.0
2022-08-12 05:30:00,NYSE:MUR,34.47,35.24,34.07,35.23,1321356.0
2022-08-15 05:30:00,NYSE:MUR,33.76,34.95,33.34,34.74,1329648.0
2022-08-16 05:30:00,NYSE:MUR,34.9,35.38,33.52,34.19,1223960.0
2022-08-17 05:30:00,NYSE:MUR,34.06,34.9,33.755,34.76,972044.0
2022-08-18 05:30:00,NYSE:MUR,35.07,36.61,35.06,36.57,1147601.0
2022-08-19 05:30:00,NYSE:MUR,36.45,36.57,35.82,36.12,914135.0
2022-08-22 05:30:00,NYSE:MUR,35.85,36.69,34.83,36.68,1049314.0
2022-08-23 05:30:00,NYSE:MUR,37.49,38.73,37.35,37.54,1479630.0
2022-08-24 05:30:00,NYSE:MUR,37.74,38.57,37.41,38.53,1080485.0
2022-08-25 05:30:00,NYSE:MUR,38.9,39.1,38.09,39.07,1012978.0
2022-08-26 05:30:00,NYSE:MUR,39.06,39.44,38.17,38.65,770965.0
2022-08-29 05:30:00,NYSE:MUR,38.5,41.24,38.12,40.72,1500647.0
2022-08-30 05:30:00,NYSE:MUR,39.84,39.92,38.29,38.79,1489808.0
2022-08-31 05:30:00,NYSE:MUR,37.75,39.6605,37.365,38.97,1123332.0
2022-09-01 05:30:00,NYSE:MUR,37.96,38.36,37.23,37.98,1021481.0
2022-09-02 05:30:00,NYSE:MUR,39.23,39.729,38.49,39.15,984179.0
2022-09-06 05:30:00,NYSE:MUR,39.69,39.88,38.29,38.75,1223023.0
2022-09-07 05:30:00,NYSE:MUR,37.43,38.68,36.92,37.89,1791897.0
2022-09-08 05:30:00,NYSE:MUR,37.74,38.69,37.67,38.35,1259301.0
2022-09-09 05:30:00,NYSE:MUR,39.46,40.05,39.1601,39.83,1157017.0
2022-09-12 05:30:00,NYSE:MUR,40.61,41.27,39.9601,40.7,832394.0
2022-09-13 05:30:00,NYSE:MUR,39.95,40.94,39.29,39.62,1308458.0
2022-09-14 05:30:00,NYSE:MUR,40.24,41.5,40.1,41.06,1186045.0
2022-09-15 05:30:00,NYSE:MUR,39.77,41.01,39.51,40.55,1737354.0
2022-09-16 05:30:00,NYSE:MUR,40.29,40.29,38.265,39.35,2416898.0
2022-09-19 05:30:00,NYSE:MUR,37.89,39.63,37.79,38.98,1344132.0
2022-09-20 05:30:00,NYSE:MUR,38.64,39.09,37.9,38.81,1104412.0
2022-09-21 05:30:00,NYSE:MUR,39.84,40.0,37.81,37.84,1298471.0
2022-09-22 05:30:00,NYSE:MUR,38.36,38.91,36.58,36.61,1613324.0
2022-09-23 05:30:00,NYSE:MUR,34.7,34.74,32.875,33.34,1940983.0
2022-09-26 05:30:00,NYSE:MUR,32.67,33.59,31.9,32.16,1430470.0
2022-09-27 05:30:00,NYSE:MUR,32.97,33.24,32.15,32.87,1367203.0
2022-09-28 05:30:00,NYSE:MUR,33.3,35.25,32.87,35.03,1080871.0
2022-09-29 05:30:00,NYSE:MUR,34.61,35.64,33.73,35.56,1277289.0
2022-09-30 05:30:00,NYSE:MUR,34.99,35.92,34.635,35.17,1749623.0
2022-10-03 05:30:00,NYSE:MUR,36.96,39.5298,36.87,39.1,1975053.0
2022-10-04 05:30:00,NYSE:MUR,40.25,41.42,39.8,41.27,1737511.0
2022-10-05 05:30:00,NYSE:MUR,41.05,43.35,40.77,42.85,2004119.0
2022-10-06 05:30:00,NYSE:MUR,42.5,43.71,42.32,43.51,1635421.0
2022-10-07 05:30:00,NYSE:MUR,43.7,44.7,42.76,43.56,1755281.0
2022-10-10 05:30:00,NYSE:MUR,43.44,44.35,42.2482,42.51,1088390.0
2022-10-11 05:30:00,NYSE:MUR,41.54,43.07,41.09,41.73,1535597.0
2022-10-12 05:30:00,NYSE:MUR,41.51,43.08,41.0203,42.49,1166294.0
2022-10-13 05:30:00,NYSE:MUR,41.93,44.9,41.68,44.72,1468635.0
2022-10-14 05:30:00,NYSE:MUR,44.07,44.99,42.34,42.44,1240609.0
2022-10-17 05:30:00,NYSE:MUR,43.47,43.74,41.69,42.35,1849548.0
2022-10-18 05:30:00,NYSE:MUR,43.17,43.66,41.96,43.31,1419196.0
2022-10-19 05:30:00,NYSE:MUR,43.28,45.185,42.67,45.09,1803746.0
2022-10-20 05:30:00,NYSE:MUR,45.42,47.0394,45.15,45.25,1751069.0
2022-10-21 05:30:00,NYSE:MUR,45.7,47.42,45.33,47.42,1453609.0
2022-10-24 05:30:00,NYSE:MUR,47.23,48.13,46.8,47.76,1128715.0
2022-10-25 05:30:00,NYSE:MUR,47.71,48.095,47.195,48.05,1114833.0
2022-10-26 05:30:00,NYSE:MUR,48.5,49.73,48.17,48.26,1355673.0
2022-10-27 05:30:00,NYSE:MUR,49.2,49.965,47.74,47.94,1257323.0
2022-10-28 05:30:00,NYSE:MUR,48.45,48.84,45.645,47.59,1088109.0
2022-10-31 05:30:00,NYSE:MUR,47.13,48.915,46.91,48.51,1114285.0
2022-11-01 05:30:00,NYSE:MUR,49.57,50.19,48.99,49.88,1296132.0
2022-11-02 05:30:00,NYSE:MUR,49.49,50.12,48.21,48.41,1418664.0
2022-11-03 05:30:00,NYSE:MUR,44.02,47.49,42.25,46.85,3307555.0
2022-11-04 05:30:00,NYSE:MUR,48.73,48.83,45.86,46.9,2100401.0
2022-11-07 05:30:00,NYSE:MUR,47.17,48.36,46.7512,48.27,2368583.0
2022-11-08 05:30:00,NYSE:MUR,48.26,49.69,47.54,48.65,1786231.0
2022-11-09 05:30:00,NYSE:MUR,47.68,47.8174,45.55,45.71,1437810.0
2022-11-10 05:30:00,NYSE:MUR,46.8,48.22,45.73,48.16,2425548.0
2022-11-11 05:30:00,NYSE:MUR,48.91,50.81,48.91,50.73,2236864.0
2022-11-14 05:30:00,NYSE:MUR,50.28,51.285,48.91,49.0,1478088.0
2022-11-15 05:30:00,NYSE:MUR,49.3,49.95,48.32,49.47,1943238.0
2022-11-16 05:30:00,NYSE:MUR,48.68,48.96,47.85,48.09,1276669.0
2022-11-17 05:30:00,NYSE:MUR,47.55,48.12,46.64,48.12,1080351.0
2022-11-18 05:30:00,NYSE:MUR,46.92,47.44,45.5958,47.26,1081761.0
2022-11-21 05:30:00,NYSE:MUR,45.5,46.21,43.81,46.04,1547888.0
2022-11-22 05:30:00,NYSE:MUR,46.7,48.1,46.28,48.02,1058657.0
2022-11-23 05:30:00,NYSE:MUR,46.99,47.6,46.4411,47.45,871741.0
2022-11-25 05:30:00,NYSE:MUR,47.71,48.11,47.35,47.53,397193.0
2022-11-28 05:30:00,NYSE:MUR,45.69,46.395,44.73,45.37,882688.0
2022-11-29 05:30:00,NYSE:MUR,46.1,46.88,45.8,46.55,1036506.0
2022-11-30 05:30:00,NYSE:MUR,47.58,47.6195,45.8417,47.2,1016732.0
2022-12-01 05:30:00,NYSE:MUR,47.8,48.14,45.88,46.0,714520.0
2022-12-02 05:30:00,NYSE:MUR,45.8,46.62,45.63,45.68,969827.0
2022-12-05 05:30:00,NYSE:MUR,47.35,47.9351,44.22,44.26,1865209.0
2022-12-06 05:30:00,NYSE:MUR,43.89,44.9787,42.56,43.0,1368909.0
2022-12-07 05:30:00,NYSE:MUR,43.2,43.8988,42.18,42.65,884290.0
2022-12-08 05:30:00,NYSE:MUR,43.88,44.1,41.44,41.75,1369473.0
2022-12-09 05:30:00,NYSE:MUR,41.75,42.3869,40.9,40.97,1468520.0
2022-12-12 05:30:00,NYSE:MUR,40.55,42.03,40.01,41.88,1508252.0
2022-12-13 05:30:00,NYSE:MUR,43.21,43.67,42.275,42.68,1955514.0
2022-12-14 05:30:00,NYSE:MUR,43.2,43.52,41.91,42.3,1262308.0
2022-12-15 05:30:00,NYSE:MUR,41.93,42.62,41.311,42.57,768622.0
2022-12-16 05:30:00,NYSE:MUR,41.24,42.4,40.67,42.19,3083835.0
2022-12-19 05:30:00,NYSE:MUR,42.68,43.02,41.065,41.42,1110808.0
2022-12-20 05:30:00,NYSE:MUR,41.4,42.54,41.3756,42.01,841910.0
2022-12-21 05:30:00,NYSE:MUR,43.09,43.8334,42.49,43.65,1023938.0
2022-12-22 05:30:00,NYSE:MUR,43.5,43.53,40.72,42.07,938211.0
2022-12-23 05:30:00,NYSE:MUR,42.65,43.72,42.32,43.67,831655.0
2022-12-27 05:30:00,NYSE:MUR,44.14,44.19,43.26,43.76,817883.0
2022-12-28 05:30:00,NYSE:MUR,43.39,43.39,41.55,41.7,927669.0
2022-12-29 05:30:00,NYSE:MUR,41.32,43.37,41.211,42.99,833354.0
2022-12-30 05:30:00,NYSE:MUR,42.59,43.26,42.2916,43.01,1331881.0
2023-01-03 05:30:00,NYSE:MUR,42.59,42.84,39.92,40.6,1574418.0
2023-01-04 05:30:00,NYSE:MUR,39.68,41.18,39.5,40.68,1089701.0
2023-01-05 05:30:00,NYSE:MUR,40.71,41.51,40.08,41.0,1409568.0
2023-01-06 05:30:00,NYSE:MUR,41.78,41.98,40.815,41.44,1847744.0
2023-01-09 05:30:00,NYSE:MUR,42.6,42.625,41.54,41.9,2100743.0
2023-01-10 05:30:00,NYSE:MUR,41.96,42.25,40.92,41.6,929952.0
2023-01-11 05:30:00,NYSE:MUR,42.37,42.66,41.04,41.62,1445063.0
2023-01-12 05:30:00,NYSE:MUR,42.1,42.93,41.62,41.9,1855732.0
2023-01-13 05:30:00,NYSE:MUR,41.74,42.56,41.14,42.27,1835063.0
2023-01-17 05:30:00,NYSE:MUR,42.44,42.98,41.74,42.1,807919.0
2023-01-18 05:30:00,NYSE:MUR,42.37,43.28,41.31,41.37,1233966.0
2023-01-19 05:30:00,NYSE:MUR,40.86,42.17,40.55,41.87,1614593.0
2023-01-20 05:30:00,NYSE:MUR,42.28,42.45,41.48,42.12,1627020.0
2023-01-23 05:30:00,NYSE:MUR,42.54,43.18,42.14,42.56,6966537.0
2023-01-24 05:30:00,NYSE:MUR,42.72,42.91,41.81,42.76,1803659.0
2023-01-25 05:30:00,NYSE:MUR,42.4,42.96,41.84,42.88,2468275.0
2023-01-26 05:30:00,NYSE:MUR,43.16,45.63,43.08,45.35,4187768.0
2023-01-27 05:30:00,NYSE:MUR,45.51,45.66,44.24,44.45,1750713.0
2023-01-30 05:30:00,NYSE:MUR,43.84,44.41,42.91,43.09,2406075.0
2023-01-31 05:30:00,NYSE:MUR,42.99,43.886,42.6501,43.61,3098988.0
2023-02-01 05:30:00,NYSE:MUR,43.32,43.5,40.9,42.2,2224064.0
2023-02-02 05:30:00,NYSE:MUR,42.33,42.445,40.83,41.4,1965184.0
2023-02-03 05:30:00,NYSE:MUR,41.67,42.72,41.45,41.63,1473952.0
